,0,1,2,3,4,5,6,7,8,9,10,11
0,1.0,22.0,1.0,0.0,7.25,0.0,1.0,0.0,1.0,0.0,1.0,2.0
1,0.0,38.0,1.0,0.0,71.2833,0.0,0.0,1.0,0.0,1.0,0.0,2.0
2,0.0,26.0,0.0,0.0,7.925,1.0,0.0,0.0,1.0,0.0,1.0,1.0
3,0.0,35.0,1.0,0.0,53.1,0.0,0.0,1.0,0.0,1.0,0.0,2.0
4,1.0,35.0,0.0,0.0,8.05,0.0,1.0,0.0,1.0,0.0,1.0,1.0
5,1.0,26.0,0.0,0.0,8.4583,0.0,1.0,0.0,1.0,0.0,1.0,1.0
6,1.0,54.0,0.0,0.0,51.8625,0.0,1.0,0.0,0.0,1.0,0.0,1.0
7,1.0,2.0,3.0,1.0,21.075,0.0,0.0,0.0,1.0,0.0,1.0,5.0
8,0.0,27.0,0.0,2.0,11.1333,0.0,0.0,1.0,1.0,0.0,1.0,3.0
9,0.0,14.0,1.0,0.0,30.0708,0.0,0.0,1.0,1.0,0.0,0.0,2.0
10,0.0,4.0,1.0,1.0,16.7,1.0,0.0,0.0,0.0,0.0,1.0,3.0
11,0.0,58.0,0.0,0.0,26.55,1.0,0.0,0.0,0.0,1.0,0.0,1.0
12,1.0,20.0,0.0,0.0,8.05,0.0,1.0,0.0,1.0,0.0,1.0,1.0
13,1.0,39.0,1.0,5.0,31.275,0.0,1.0,0.0,1.0,0.0,1.0,7.0
14,0.0,14.0,0.0,0.0,7.8542,1.0,0.0,0.0,1.0,0.0,1.0,1.0
15,0.0,55.0,0.0,0.0,16.0,0.0,0.0,1.0,1.0,0.0,0.0,1.0
16,1.0,2.0,4.0,1.0,29.125,0.0,0.0,0.0,1.0,0.0,1.0,6.0
17,1.0,31.0,0.0,0.0,13.0,0.0,1.0,0.0,1.0,0.0,0.0,1.0
18,0.0,31.0,1.0,0.0,18.0,0.0,0.0,1.0,1.0,0.0,1.0,2.0
19,0.0,31.0,0.0,0.0,7.225,0.0,0.0,1.0,1.0,0.0,1.0,1.0
20,1.0,35.0,0.0,0.0,26.0,0.0,1.0,0.0,1.0,0.0,0.0,1.0
21,1.0,34.0,0.0,0.0,13.0,0.0,1.0,0.0,0.0,0.0,0.0,1.0
22,0.0,15.0,0.0,0.0,8.0292,1.0,0.0,0.0,1.0,0.0,1.0,1.0
23,1.0,28.0,0.0,0.0,35.5,0.0,1.0,0.0,0.0,1.0,0.0,1.0
24,0.0,8.0,3.0,1.0,21.075,1.0,0.0,0.0,1.0,0.0,1.0,5.0
25,0.0,38.0,1.0,5.0,31.3875,0.0,0.0,1.0,1.0,0.0,1.0,7.0
26,1.0,26.0,0.0,0.0,7.225,0.0,1.0,0.0,1.0,0.0,1.0,1.0
27,1.0,19.0,3.0,2.0,263.0,0.0,1.0,0.0,0.0,1.0,0.0,6.0
28,0.0,18.0,0.0,0.0,7.8792,1.0,0.0,0.0,1.0,0.0,1.0,1.0
29,1.0,26.0,0.0,0.0,7.8958,0.0,1.0,0.0,1.0,0.0,1.0,1.0
30,1.0,40.0,0.0,0.0,27.7208,0.0,0.0,0.0,1.0,1.0,0.0,1.0
31,0.0,40.0,1.0,0.0,146.5208,0.0,0.0,1.0,0.0,1.0,0.0,2.0
32,0.0,18.0,0.0,0.0,7.75,1.0,0.0,0.0,1.0,0.0,1.0,1.0
33,1.0,66.0,0.0,0.0,10.5,0.0,1.0,0.0,1.0,0.0,0.0,1.0
34,1.0,28.0,1.0,0.0,82.1708,0.0,1.0,0.0,1.0,1.0,0.0,2.0
35,1.0,42.0,1.0,0.0,52.0,0.0,1.0,0.0,1.0,1.0,0.0,2.0
36,1.0,26.0,0.0,0.0,7.2292,0.0,1.0,0.0,1.0,0.0,1.0,1.0
37,1.0,21.0,0.0,0.0,8.05,0.0,1.0,0.0,1.0,0.0,1.0,1.0
38,0.0,18.0,2.0,0.0,18.0,1.0,0.0,0.0,1.0,0.0,1.0,3.0
39,0.0,14.0,1.0,0.0,11.2417,1.0,0.0,0.0,1.0,0.0,1.0,2.0
40,0.0,40.0,1.0,0.0,9.475,0.0,0.0,1.0,1.0,0.0,1.0,2.0
41,0.0,27.0,1.0,0.0,21.0,0.0,0.0,1.0,1.0,0.0,0.0,2.0
42,1.0,26.0,0.0,0.0,7.8958,0.0,1.0,0.0,1.0,0.0,1.0,1.0
43,0.0,3.0,1.0,2.0,41.5792,1.0,0.0,0.0,1.0,0.0,0.0,4.0
44,0.0,19.0,0.0,0.0,7.8792,1.0,0.0,0.0,1.0,0.0,1.0,1.0
45,1.0,26.0,0.0,0.0,8.05,0.0,1.0,0.0,1.0,0.0,1.0,1.0
46,1.0,26.0,1.0,0.0,15.5,0.0,1.0,0.0,1.0,0.0,1.0,2.0
47,0.0,18.0,0.0,0.0,7.75,1.0,0.0,0.0,1.0,0.0,1.0,1.0
48,1.0,26.0,2.0,0.0,21.6792,0.0,1.0,0.0,1.0,0.0,1.0,3.0
49,0.0,18.0,1.0,0.0,17.8,0.0,0.0,1.0,1.0,0.0,1.0,2.0
50,1.0,7.0,4.0,1.0,39.6875,0.0,0.0,0.0,1.0,0.0,1.0,6.0
51,1.0,21.0,0.0,0.0,7.8,0.0,1.0,0.0,1.0,0.0,1.0,1.0
52,0.0,49.0,1.0,0.0,76.7292,0.0,0.0,1.0,0.0,1.0,0.0,2.0
53,0.0,29.0,1.0,0.0,26.0,0.0,0.0,1.0,1.0,0.0,0.0,2.0
54,1.0,65.0,0.0,1.0,61.9792,0.0,1.0,0.0,0.0,1.0,0.0,2.0
55,1.0,40.0,0.0,0.0,35.5,0.0,1.0,0.0,0.0,1.0,0.0,1.0
56,0.0,21.0,0.0,0.0,10.5,1.0,0.0,0.0,1.0,0.0,0.0,1.0
57,1.0,28.5,0.0,0.0,7.2292,0.0,1.0,0.0,1.0,0.0,1.0,1.0
58,0.0,5.0,1.0,2.0,27.75,1.0,0.0,0.0,1.0,0.0,0.0,4.0
59,1.0,11.0,5.0,2.0,46.9,0.0,0.0,0.0,1.0,0.0,1.0,8.0
60,1.0,22.0,0.0,0.0,7.2292,0.0,1.0,0.0,1.0,0.0,1.0,1.0
61,0.0,38.0,0.0,0.0,80.0,1.0,0.0,0.0,0.0,1.0,0.0,1.0
62,1.0,45.0,1.0,0.0,83.475,0.0,1.0,0.0,0.0,1.0,0.0,2.0
63,1.0,4.0,3.0,2.0,27.9,0.0,0.0,0.0,1.0,0.0,1.0,6.0
64,1.0,40.0,0.0,0.0,27.7208,0.0,1.0,0.0,1.0,1.0,0.0,1.0
65,1.0,4.0,1.0,1.0,15.2458,0.0,0.0,0.0,1.0,0.0,1.0,3.0
66,0.0,29.0,0.0,0.0,10.5,0.0,0.0,1.0,0.0,0.0,0.0,1.0
67,1.0,19.0,0.0,0.0,8.1583,0.0,1.0,0.0,1.0,0.0,1.0,1.0
68,0.0,17.0,4.0,2.0,7.925,1.0,0.0,0.0,1.0,0.0,1.0,7.0
69,1.0,26.0,2.0,0.0,8.6625,0.0,1.0,0.0,1.0,0.0,1.0,3.0
70,1.0,32.0,0.0,0.0,10.5,0.0,1.0,0.0,1.0,0.0,0.0,1.0
71,0.0,16.0,5.0,2.0,46.9,1.0,0.0,0.0,1.0,0.0,1.0,8.0
72,1.0,21.0,0.0,0.0,73.5,0.0,1.0,0.0,1.0,0.0,0.0,1.0
73,1.0,26.0,1.0,0.0,14.4542,0.0,1.0,0.0,1.0,0.0,1.0,2.0
74,1.0,32.0,0.0,0.0,56.4958,0.0,1.0,0.0,1.0,0.0,1.0,1.0
75,1.0,25.0,0.0,0.0,7.65,0.0,1.0,0.0,0.0,0.0,1.0,1.0
76,1.0,26.0,0.0,0.0,7.8958,0.0,1.0,0.0,1.0,0.0,1.0,1.0
77,1.0,26.0,0.0,0.0,8.05,0.0,1.0,0.0,1.0,0.0,1.0,1.0
78,1.0,0.83,0.0,2.0,29.0,0.0,0.0,0.0,1.0,0.0,0.0,3.0
79,0.0,30.0,0.0,0.0,12.475,1.0,0.0,0.0,1.0,0.0,1.0,1.0
80,1.0,22.0,0.0,0.0,9.0,0.0,1.0,0.0,1.0,0.0,1.0,1.0
81,1.0,29.0,0.0,0.0,9.5,0.0,1.0,0.0,1.0,0.0,1.0,1.0
82,0.0,18.0,0.0,0.0,7.7875,1.0,0.0,0.0,1.0,0.0,1.0,1.0
83,1.0,28.0,0.0,0.0,47.1,0.0,1.0,0.0,1.0,1.0,0.0,1.0
84,0.0,17.0,0.0,0.0,10.5,1.0,0.0,0.0,1.0,0.0,0.0,1.0
85,0.0,33.0,3.0,0.0,15.85,0.0,0.0,1.0,1.0,0.0,1.0,4.0
86,1.0,16.0,1.0,3.0,34.375,0.0,1.0,0.0,1.0,0.0,1.0,5.0
87,1.0,26.0,0.0,0.0,8.05,0.0,1.0,0.0,1.0,0.0,1.0,1.0
88,0.0,23.0,3.0,2.0,263.0,1.0,0.0,0.0,0.0,1.0,0.0,6.0
89,1.0,24.0,0.0,0.0,8.05,0.0,1.0,0.0,1.0,0.0,1.0,1.0
90,1.0,29.0,0.0,0.0,8.05,0.0,1.0,0.0,1.0,0.0,1.0,1.0
91,1.0,20.0,0.0,0.0,7.8542,0.0,1.0,0.0,1.0,0.0,1.0,1.0
92,1.0,46.0,1.0,0.0,61.175,0.0,1.0,0.0,0.0,1.0,0.0,2.0
93,1.0,26.0,1.0,2.0,20.575,0.0,1.0,0.0,1.0,0.0,1.0,4.0
94,1.0,59.0,0.0,0.0,7.25,0.0,1.0,0.0,1.0,0.0,1.0,1.0
95,1.0,26.0,0.0,0.0,8.05,0.0,1.0,0.0,1.0,0.0,1.0,1.0
96,1.0,71.0,0.0,0.0,34.6542,0.0,1.0,0.0,0.0,1.0,0.0,1.0
97,1.0,23.0,0.0,1.0,63.3583,0.0,1.0,0.0,0.0,1.0,0.0,2.0
98,0.0,34.0,0.0,1.0,23.0,0.0,0.0,1.0,1.0,0.0,0.0,2.0
99,1.0,34.0,1.0,0.0,26.0,0.0,1.0,0.0,1.0,0.0,0.0,2.0
100,0.0,28.0,0.0,0.0,7.8958,1.0,0.0,0.0,1.0,0.0,1.0,1.0
101,1.0,26.0,0.0,0.0,7.8958,0.0,1.0,0.0,1.0,0.0,1.0,1.0
102,1.0,21.0,0.0,1.0,77.2875,0.0,1.0,0.0,0.0,1.0,0.0,2.0
103,1.0,33.0,0.0,0.0,8.6542,0.0,1.0,0.0,1.0,0.0,1.0,1.0
104,1.0,37.0,2.0,0.0,7.925,0.0,1.0,0.0,1.0,0.0,1.0,3.0
105,1.0,28.0,0.0,0.0,7.8958,0.0,1.0,0.0,1.0,0.0,1.0,1.0
106,0.0,21.0,0.0,0.0,7.65,1.0,0.0,0.0,1.0,0.0,1.0,1.0
107,1.0,26.0,0.0,0.0,7.775,0.0,1.0,0.0,1.0,0.0,1.0,1.0
108,1.0,38.0,0.0,0.0,7.8958,0.0,1.0,0.0,1.0,0.0,1.0,1.0
109,0.0,18.0,1.0,0.0,24.15,1.0,0.0,0.0,1.0,0.0,1.0,2.0
110,1.0,47.0,0.0,0.0,52.0,0.0,1.0,0.0,0.0,1.0,0.0,1.0
111,0.0,14.5,1.0,0.0,14.4542,1.0,0.0,0.0,1.0,0.0,1.0,2.0
112,1.0,22.0,0.0,0.0,8.05,0.0,1.0,0.0,1.0,0.0,1.0,1.0
113,0.0,20.0,1.0,0.0,9.825,1.0,0.0,0.0,1.0,0.0,1.0,2.0
114,0.0,17.0,0.0,0.0,14.4583,1.0,0.0,0.0,1.0,0.0,1.0,1.0
115,1.0,21.0,0.0,0.0,7.925,0.0,1.0,0.0,1.0,0.0,1.0,1.0
116,1.0,70.5,0.0,0.0,7.75,0.0,1.0,0.0,1.0,0.0,1.0,1.0
117,1.0,29.0,1.0,0.0,21.0,0.0,1.0,0.0,1.0,0.0,0.0,2.0
118,1.0,24.0,0.0,1.0,247.5208,0.0,1.0,0.0,0.0,1.0,0.0,2.0
119,0.0,2.0,4.0,2.0,31.275,1.0,0.0,0.0,1.0,0.0,1.0,7.0
120,1.0,21.0,2.0,0.0,73.5,0.0,1.0,0.0,1.0,0.0,0.0,3.0
121,1.0,26.0,0.0,0.0,8.05,0.0,1.0,0.0,1.0,0.0,1.0,1.0
122,1.0,32.5,1.0,0.0,30.0708,0.0,1.0,0.0,1.0,0.0,0.0,2.0
123,0.0,32.5,0.0,0.0,13.0,1.0,0.0,0.0,0.0,0.0,0.0,1.0
124,1.0,54.0,0.0,1.0,77.2875,0.0,1.0,0.0,0.0,1.0,0.0,2.0
125,1.0,12.0,1.0,0.0,11.2417,0.0,0.0,0.0,1.0,0.0,1.0,2.0
126,1.0,26.0,0.0,0.0,7.75,0.0,1.0,0.0,1.0,0.0,1.0,1.0
127,1.0,24.0,0.0,0.0,7.1417,0.0,1.0,0.0,1.0,0.0,1.0,1.0
128,0.0,18.0,1.0,1.0,22.3583,1.0,0.0,0.0,0.0,0.0,1.0,3.0
129,1.0,45.0,0.0,0.0,6.975,0.0,1.0,0.0,1.0,0.0,1.0,1.0
130,1.0,33.0,0.0,0.0,7.8958,0.0,1.0,0.0,1.0,0.0,1.0,1.0
131,1.0,20.0,0.0,0.0,7.05,0.0,1.0,0.0,1.0,0.0,1.0,1.0
132,0.0,47.0,1.0,0.0,14.5,0.0,0.0,1.0,1.0,0.0,1.0,2.0
133,0.0,29.0,1.0,0.0,26.0,0.0,0.0,1.0,1.0,0.0,0.0,2.0
134,1.0,25.0,0.0,0.0,13.0,0.0,1.0,0.0,1.0,0.0,0.0,1.0
135,1.0,23.0,0.0,0.0,15.0458,0.0,1.0,0.0,1.0,0.0,0.0,1.0
136,0.0,19.0,0.0,2.0,26.2833,1.0,0.0,0.0,0.0,1.0,0.0,3.0
137,1.0,37.0,1.0,0.0,53.1,0.0,1.0,0.0,0.0,1.0,0.0,2.0
138,1.0,16.0,0.0,0.0,9.2167,0.0,1.0,0.0,1.0,0.0,1.0,1.0
139,1.0,24.0,0.0,0.0,79.2,0.0,1.0,0.0,0.0,1.0,0.0,1.0
140,0.0,31.0,0.0,2.0,15.2458,0.0,0.0,1.0,1.0,0.0,1.0,3.0
141,0.0,22.0,0.0,0.0,7.75,1.0,0.0,0.0,1.0,0.0,1.0,1.0
142,0.0,24.0,1.0,0.0,15.85,0.0,0.0,1.0,1.0,0.0,1.0,2.0
143,1.0,19.0,0.0,0.0,6.75,0.0,1.0,0.0,1.0,0.0,1.0,1.0
144,1.0,18.0,0.0,0.0,11.5,0.0,1.0,0.0,1.0,0.0,0.0,1.0
145,1.0,19.0,1.0,1.0,36.75,0.0,1.0,0.0,1.0,0.0,0.0,3.0
146,1.0,27.0,0.0,0.0,7.7958,0.0,1.0,0.0,1.0,0.0,1.0,1.0
147,0.0,9.0,2.0,2.0,34.375,1.0,0.0,0.0,1.0,0.0,1.0,5.0
148,1.0,36.5,0.0,2.0,26.0,0.0,1.0,0.0,0.0,0.0,0.0,3.0
149,1.0,42.0,0.0,0.0,13.0,0.0,0.0,0.0,1.0,0.0,0.0,1.0
150,1.0,51.0,0.0,0.0,12.525,0.0,0.0,0.0,1.0,0.0,0.0,1.0
151,0.0,22.0,1.0,0.0,66.6,0.0,0.0,1.0,0.0,1.0,0.0,2.0
152,1.0,55.5,0.0,0.0,8.05,0.0,1.0,0.0,1.0,0.0,1.0,1.0
153,1.0,40.5,0.0,2.0,14.5,0.0,1.0,0.0,1.0,0.0,1.0,3.0
154,1.0,26.0,0.0,0.0,7.3125,0.0,1.0,0.0,1.0,0.0,1.0,1.0
155,1.0,51.0,0.0,1.0,61.3792,0.0,1.0,0.0,1.0,1.0,0.0,2.0
156,0.0,16.0,0.0,0.0,7.7333,1.0,0.0,0.0,1.0,0.0,1.0,1.0
157,1.0,30.0,0.0,0.0,8.05,0.0,1.0,0.0,1.0,0.0,1.0,1.0
158,1.0,26.0,0.0,0.0,8.6625,0.0,1.0,0.0,1.0,0.0,1.0,1.0
159,1.0,4.0,8.0,2.0,69.55,0.0,0.0,0.0,1.0,0.0,1.0,11.0
160,1.0,44.0,0.0,1.0,16.1,0.0,1.0,0.0,1.0,0.0,1.0,2.0
161,0.0,40.0,0.0,0.0,15.75,0.0,0.0,1.0,1.0,0.0,0.0,1.0
162,1.0,26.0,0.0,0.0,7.775,0.0,1.0,0.0,1.0,0.0,1.0,1.0
163,1.0,17.0,0.0,0.0,8.6625,0.0,1.0,0.0,1.0,0.0,1.0,1.0
164,1.0,1.0,4.0,1.0,39.6875,0.0,0.0,0.0,1.0,0.0,1.0,6.0
165,1.0,9.0,0.0,2.0,20.525,0.0,0.0,0.0,1.0,0.0,1.0,3.0
166,0.0,40.0,0.0,1.0,55.0,0.0,0.0,1.0,0.0,1.0,0.0,2.0
167,0.0,45.0,1.0,4.0,27.9,0.0,0.0,1.0,1.0,0.0,1.0,6.0
168,1.0,40.0,0.0,0.0,25.925,0.0,1.0,0.0,1.0,1.0,0.0,1.0
169,1.0,28.0,0.0,0.0,56.4958,0.0,1.0,0.0,1.0,0.0,1.0,1.0
170,1.0,61.0,0.0,0.0,33.5,0.0,1.0,0.0,0.0,1.0,0.0,1.0
171,1.0,4.0,4.0,1.0,29.125,0.0,0.0,0.0,1.0,0.0,1.0,6.0
172,0.0,1.0,1.0,1.0,11.1333,1.0,0.0,0.0,1.0,0.0,1.0,3.0
173,1.0,21.0,0.0,0.0,7.925,0.0,1.0,0.0,1.0,0.0,1.0,1.0
174,1.0,56.0,0.0,0.0,30.6958,0.0,1.0,0.0,0.0,1.0,0.0,1.0
175,1.0,18.0,1.0,1.0,7.8542,0.0,1.0,0.0,1.0,0.0,1.0,3.0
176,1.0,4.0,3.0,1.0,25.4667,0.0,0.0,0.0,1.0,0.0,1.0,5.0
177,0.0,50.0,0.0,0.0,28.7125,1.0,0.0,0.0,0.0,1.0,0.0,1.0
178,1.0,30.0,0.0,0.0,13.0,0.0,1.0,0.0,1.0,0.0,0.0,1.0
179,1.0,36.0,0.0,0.0,0.0,0.0,1.0,0.0,1.0,0.0,1.0,1.0
180,0.0,18.0,8.0,2.0,69.55,1.0,0.0,0.0,1.0,0.0,1.0,11.0
181,1.0,31.0,0.0,0.0,15.05,0.0,1.0,0.0,1.0,0.0,0.0,1.0
182,1.0,9.0,4.0,2.0,31.3875,0.0,0.0,0.0,1.0,0.0,1.0,7.0
183,1.0,1.0,2.0,1.0,39.0,0.0,0.0,0.0,0.0,0.0,0.0,4.0
184,0.0,4.0,0.0,2.0,22.025,1.0,0.0,0.0,1.0,0.0,1.0,3.0
185,1.0,40.0,0.0,0.0,50.0,0.0,1.0,0.0,0.0,1.0,0.0,1.0
186,0.0,31.0,1.0,0.0,15.5,0.0,0.0,1.0,1.0,0.0,1.0,2.0
187,1.0,45.0,0.0,0.0,26.55,0.0,1.0,0.0,1.0,1.0,0.0,1.0
188,1.0,40.0,1.0,1.0,15.5,0.0,1.0,0.0,1.0,0.0,1.0,3.0
189,1.0,36.0,0.0,0.0,7.8958,0.0,1.0,0.0,1.0,0.0,1.0,1.0
190,0.0,32.0,0.0,0.0,13.0,0.0,0.0,1.0,1.0,0.0,0.0,1.0
191,1.0,19.0,0.0,0.0,13.0,0.0,1.0,0.0,1.0,0.0,0.0,1.0
192,0.0,19.0,1.0,0.0,7.8542,1.0,0.0,0.0,1.0,0.0,1.0,2.0
193,1.0,3.0,1.0,1.0,26.0,0.0,0.0,0.0,0.0,0.0,0.0,3.0
194,0.0,44.0,0.0,0.0,27.7208,0.0,0.0,1.0,0.0,1.0,0.0,1.0
195,0.0,58.0,0.0,0.0,146.5208,1.0,0.0,0.0,0.0,1.0,0.0,1.0
196,1.0,26.0,0.0,0.0,7.75,0.0,1.0,0.0,1.0,0.0,1.0,1.0
197,1.0,42.0,0.0,1.0,8.4042,0.0,1.0,0.0,1.0,0.0,1.0,2.0
198,0.0,18.0,0.0,0.0,7.75,1.0,0.0,0.0,1.0,0.0,1.0,1.0
199,0.0,24.0,0.0,0.0,13.0,1.0,0.0,0.0,1.0,0.0,0.0,1.0
200,1.0,28.0,0.0,0.0,9.5,0.0,1.0,0.0,1.0,0.0,1.0,1.0
201,1.0,26.0,8.0,2.0,69.55,0.0,1.0,0.0,1.0,0.0,1.0,11.0
202,1.0,34.0,0.0,0.0,6.4958,0.0,1.0,0.0,1.0,0.0,1.0,1.0
203,1.0,45.5,0.0,0.0,7.225,0.0,1.0,0.0,1.0,0.0,1.0,1.0
204,1.0,18.0,0.0,0.0,8.05,0.0,1.0,0.0,1.0,0.0,1.0,1.0
205,0.0,2.0,0.0,1.0,10.4625,1.0,0.0,0.0,0.0,0.0,1.0,2.0
206,1.0,32.0,1.0,0.0,15.85,0.0,1.0,0.0,1.0,0.0,1.0,2.0
207,1.0,26.0,0.0,0.0,18.7875,0.0,1.0,0.0,1.0,0.0,1.0,1.0
208,0.0,16.0,0.0,0.0,7.75,1.0,0.0,0.0,1.0,0.0,1.0,1.0
209,1.0,40.0,0.0,0.0,31.0,0.0,1.0,0.0,0.0,1.0,0.0,1.0
210,1.0,24.0,0.0,0.0,7.05,0.0,1.0,0.0,1.0,0.0,1.0,1.0
211,0.0,35.0,0.0,0.0,21.0,1.0,0.0,0.0,1.0,0.0,0.0,1.0
212,1.0,22.0,0.0,0.0,7.25,0.0,1.0,0.0,1.0,0.0,1.0,1.0
213,1.0,30.0,0.0,0.0,13.0,0.0,1.0,0.0,1.0,0.0,0.0,1.0
214,1.0,26.0,1.0,0.0,7.75,0.0,1.0,0.0,1.0,0.0,1.0,2.0
215,0.0,31.0,1.0,0.0,113.275,1.0,0.0,0.0,0.0,1.0,0.0,2.0
216,0.0,27.0,0.0,0.0,7.925,1.0,0.0,0.0,1.0,0.0,1.0,1.0
217,1.0,42.0,1.0,0.0,27.0,0.0,1.0,0.0,1.0,0.0,0.0,2.0
218,0.0,32.0,0.0,0.0,76.2917,1.0,0.0,0.0,0.0,1.0,0.0,1.0
219,1.0,30.0,0.0,0.0,10.5,0.0,1.0,0.0,1.0,0.0,0.0,1.0
220,1.0,16.0,0.0,0.0,8.05,0.0,1.0,0.0,1.0,0.0,1.0,1.0
221,1.0,27.0,0.0,0.0,13.0,0.0,1.0,0.0,1.0,0.0,0.0,1.0
222,1.0,51.0,0.0,0.0,8.05,0.0,1.0,0.0,1.0,0.0,1.0,1.0
223,1.0,26.0,0.0,0.0,7.8958,0.0,1.0,0.0,1.0,0.0,1.0,1.0
224,1.0,38.0,1.0,0.0,90.0,0.0,1.0,0.0,0.0,1.0,0.0,2.0
225,1.0,22.0,0.0,0.0,9.35,0.0,1.0,0.0,1.0,0.0,1.0,1.0
226,1.0,19.0,0.0,0.0,10.5,0.0,1.0,0.0,1.0,0.0,0.0,1.0
227,1.0,20.5,0.0,0.0,7.25,0.0,1.0,0.0,1.0,0.0,1.0,1.0
228,1.0,18.0,0.0,0.0,13.0,0.0,1.0,0.0,1.0,0.0,0.0,1.0
229,0.0,18.0,3.0,1.0,25.4667,1.0,0.0,0.0,1.0,0.0,1.0,5.0
230,0.0,35.0,1.0,0.0,83.475,0.0,0.0,1.0,0.0,1.0,0.0,2.0
231,1.0,29.0,0.0,0.0,7.775,0.0,1.0,0.0,1.0,0.0,1.0,1.0
232,1.0,59.0,0.0,0.0,13.5,0.0,1.0,0.0,1.0,0.0,0.0,1.0
233,0.0,5.0,4.0,2.0,31.3875,1.0,0.0,0.0,1.0,0.0,1.0,7.0
234,1.0,24.0,0.0,0.0,10.5,0.0,1.0,0.0,1.0,0.0,0.0,1.0
235,0.0,18.0,0.0,0.0,7.55,1.0,0.0,0.0,1.0,0.0,1.0,1.0
236,1.0,44.0,1.0,0.0,26.0,0.0,1.0,0.0,1.0,0.0,0.0,2.0
237,0.0,8.0,0.0,2.0,26.25,1.0,0.0,0.0,1.0,0.0,0.0,3.0
238,1.0,19.0,0.0,0.0,10.5,0.0,1.0,0.0,1.0,0.0,0.0,1.0
239,1.0,33.0,0.0,0.0,12.275,0.0,1.0,0.0,1.0,0.0,0.0,1.0
240,0.0,18.0,1.0,0.0,14.4542,1.0,0.0,0.0,1.0,0.0,1.0,2.0
241,0.0,18.0,1.0,0.0,15.5,1.0,0.0,0.0,1.0,0.0,1.0,2.0
242,1.0,29.0,0.0,0.0,10.5,0.0,1.0,0.0,1.0,0.0,0.0,1.0
243,1.0,22.0,0.0,0.0,7.125,0.0,1.0,0.0,1.0,0.0,1.0,1.0
244,1.0,30.0,0.0,0.0,7.225,0.0,1.0,0.0,1.0,0.0,1.0,1.0
245,1.0,44.0,2.0,0.0,90.0,0.0,0.0,0.0,0.0,1.0,0.0,3.0
246,0.0,25.0,0.0,0.0,7.775,1.0,0.0,0.0,1.0,0.0,1.0,1.0
247,0.0,24.0,0.0,2.0,14.5,0.0,0.0,1.0,1.0,0.0,0.0,3.0
248,1.0,37.0,1.0,1.0,52.5542,0.0,1.0,0.0,0.0,1.0,0.0,3.0
249,1.0,54.0,1.0,0.0,26.0,0.0,0.0,0.0,1.0,0.0,0.0,2.0
250,1.0,26.0,0.0,0.0,7.25,0.0,1.0,0.0,1.0,0.0,1.0,1.0
251,0.0,29.0,1.0,1.0,10.4625,0.0,0.0,1.0,0.0,0.0,1.0,3.0
252,1.0,62.0,0.0,0.0,26.55,0.0,1.0,0.0,0.0,1.0,0.0,1.0
253,1.0,30.0,1.0,0.0,16.1,0.0,1.0,0.0,1.0,0.0,1.0,2.0
254,0.0,41.0,0.0,2.0,20.2125,0.0,0.0,1.0,1.0,0.0,1.0,3.0
255,0.0,29.0,0.0,2.0,15.2458,0.0,0.0,1.0,1.0,0.0,1.0,3.0
256,0.0,40.0,0.0,0.0,79.2,0.0,0.0,1.0,1.0,1.0,0.0,1.0
257,0.0,30.0,0.0,0.0,86.5,1.0,0.0,0.0,0.0,1.0,0.0,1.0
258,0.0,35.0,0.0,0.0,512.3292,1.0,0.0,0.0,1.0,1.0,0.0,1.0
259,0.0,50.0,0.0,1.0,26.0,0.0,0.0,1.0,1.0,0.0,0.0,2.0
260,1.0,26.0,0.0,0.0,7.75,0.0,1.0,0.0,1.0,0.0,1.0,1.0
261,1.0,3.0,4.0,2.0,31.3875,0.0,0.0,0.0,1.0,0.0,1.0,7.0
262,1.0,52.0,1.0,1.0,79.65,0.0,1.0,0.0,0.0,1.0,0.0,3.0
263,1.0,40.0,0.0,0.0,0.0,0.0,1.0,0.0,0.0,1.0,0.0,1.0
264,0.0,18.0,0.0,0.0,7.75,1.0,0.0,0.0,1.0,0.0,1.0,1.0
265,1.0,36.0,0.0,0.0,10.5,0.0,1.0,0.0,1.0,0.0,0.0,1.0
266,1.0,16.0,4.0,1.0,39.6875,0.0,1.0,0.0,1.0,0.0,1.0,6.0
267,1.0,25.0,1.0,0.0,7.775,0.0,1.0,0.0,1.0,0.0,1.0,2.0
268,0.0,58.0,0.0,1.0,153.4625,0.0,0.0,1.0,0.0,1.0,0.0,2.0
269,0.0,35.0,0.0,0.0,135.6333,1.0,0.0,0.0,0.0,1.0,0.0,1.0
270,1.0,40.0,0.0,0.0,31.0,0.0,1.0,0.0,1.0,1.0,0.0,1.0
271,1.0,25.0,0.0,0.0,0.0,0.0,1.0,0.0,1.0,0.0,1.0,1.0
272,0.0,41.0,0.0,1.0,19.5,0.0,0.0,1.0,1.0,0.0,0.0,2.0
273,1.0,37.0,0.0,1.0,29.7,0.0,1.0,0.0,0.0,1.0,0.0,2.0
274,0.0,18.0,0.0,0.0,7.75,1.0,0.0,0.0,1.0,0.0,1.0,1.0
275,0.0,63.0,1.0,0.0,77.9583,1.0,0.0,0.0,0.0,1.0,0.0,2.0
276,0.0,45.0,0.0,0.0,7.75,1.0,0.0,0.0,1.0,0.0,1.0,1.0
277,1.0,31.0,0.0,0.0,0.0,0.0,1.0,0.0,1.0,0.0,0.0,1.0
278,1.0,7.0,4.0,1.0,29.125,0.0,0.0,0.0,1.0,0.0,1.0,6.0
279,0.0,35.0,1.0,1.0,20.25,0.0,0.0,1.0,1.0,0.0,1.0,3.0
280,1.0,65.0,0.0,0.0,7.75,0.0,1.0,0.0,1.0,0.0,1.0,1.0
281,1.0,28.0,0.0,0.0,7.8542,0.0,1.0,0.0,1.0,0.0,1.0,1.0
282,1.0,16.0,0.0,0.0,9.5,0.0,1.0,0.0,1.0,0.0,1.0,1.0
283,1.0,19.0,0.0,0.0,8.05,0.0,1.0,0.0,1.0,0.0,1.0,1.0
284,1.0,40.0,0.0,0.0,26.0,0.0,1.0,0.0,0.0,1.0,0.0,1.0
285,1.0,33.0,0.0,0.0,8.6625,0.0,1.0,0.0,1.0,0.0,1.0,1.0
286,1.0,30.0,0.0,0.0,9.5,0.0,1.0,0.0,1.0,0.0,1.0,1.0
287,1.0,22.0,0.0,0.0,7.8958,0.0,1.0,0.0,1.0,0.0,1.0,1.0
288,1.0,42.0,0.0,0.0,13.0,0.0,1.0,0.0,1.0,0.0,0.0,1.0
289,0.0,22.0,0.0,0.0,7.75,1.0,0.0,0.0,1.0,0.0,1.0,1.0
290,0.0,26.0,0.0,0.0,78.85,1.0,0.0,0.0,1.0,1.0,0.0,1.0
291,0.0,19.0,1.0,0.0,91.0792,0.0,0.0,1.0,0.0,1.0,0.0,2.0
292,1.0,36.0,0.0,0.0,12.875,0.0,1.0,0.0,0.0,0.0,0.0,1.0
293,0.0,24.0,0.0,0.0,8.85,1.0,0.0,0.0,1.0,0.0,1.0,1.0
294,1.0,24.0,0.0,0.0,7.8958,0.0,1.0,0.0,1.0,0.0,1.0,1.0
295,1.0,40.0,0.0,0.0,27.7208,0.0,1.0,0.0,1.0,1.0,0.0,1.0
296,1.0,23.5,0.0,0.0,7.2292,0.0,1.0,0.0,1.0,0.0,1.0,1.0
297,0.0,2.0,1.0,2.0,151.55,1.0,0.0,0.0,0.0,1.0,0.0,4.0
298,1.0,40.0,0.0,0.0,30.5,0.0,1.0,0.0,0.0,1.0,0.0,1.0
299,0.0,50.0,0.0,1.0,247.5208,0.0,0.0,1.0,0.0,1.0,0.0,2.0
300,0.0,18.0,0.0,0.0,7.75,1.0,0.0,0.0,1.0,0.0,1.0,1.0
301,1.0,26.0,2.0,0.0,23.25,0.0,1.0,0.0,1.0,0.0,1.0,3.0
302,1.0,19.0,0.0,0.0,0.0,0.0,1.0,0.0,1.0,0.0,1.0,1.0
303,0.0,24.0,0.0,0.0,12.35,1.0,0.0,0.0,0.0,0.0,0.0,1.0
304,1.0,26.0,0.0,0.0,8.05,0.0,1.0,0.0,1.0,0.0,1.0,1.0
305,1.0,0.92,1.0,2.0,151.55,0.0,0.0,0.0,0.0,1.0,0.0,4.0
306,0.0,30.0,0.0,0.0,110.8833,1.0,0.0,0.0,1.0,1.0,0.0,1.0
307,0.0,17.0,1.0,0.0,108.9,0.0,0.0,1.0,0.0,1.0,0.0,2.0
308,1.0,30.0,1.0,0.0,24.0,0.0,1.0,0.0,1.0,0.0,0.0,2.0
309,0.0,30.0,0.0,0.0,56.9292,1.0,0.0,0.0,0.0,1.0,0.0,1.0
310,0.0,24.0,0.0,0.0,83.1583,1.0,0.0,0.0,0.0,1.0,0.0,1.0
311,0.0,18.0,2.0,2.0,262.375,1.0,0.0,0.0,0.0,1.0,0.0,5.0
312,0.0,26.0,1.0,1.0,26.0,0.0,0.0,1.0,1.0,0.0,0.0,3.0
313,1.0,28.0,0.0,0.0,7.8958,0.0,1.0,0.0,1.0,0.0,1.0,1.0
314,1.0,43.0,1.0,1.0,26.25,0.0,1.0,0.0,1.0,0.0,0.0,3.0
315,0.0,26.0,0.0,0.0,7.8542,1.0,0.0,0.0,1.0,0.0,1.0,1.0
316,0.0,24.0,1.0,0.0,26.0,0.0,0.0,1.0,1.0,0.0,0.0,2.0
317,1.0,54.0,0.0,0.0,14.0,0.0,0.0,0.0,1.0,0.0,0.0,1.0
318,0.0,31.0,0.0,2.0,164.8667,1.0,0.0,0.0,0.0,1.0,0.0,3.0
319,0.0,40.0,1.0,1.0,134.5,0.0,0.0,1.0,0.0,1.0,0.0,3.0
320,1.0,22.0,0.0,0.0,7.25,0.0,1.0,0.0,1.0,0.0,1.0,1.0
321,1.0,27.0,0.0,0.0,7.8958,0.0,1.0,0.0,1.0,0.0,1.0,1.0
322,0.0,30.0,0.0,0.0,12.35,1.0,0.0,0.0,1.0,0.0,0.0,1.0
323,0.0,22.0,1.0,1.0,29.0,0.0,0.0,1.0,1.0,0.0,0.0,3.0
324,1.0,26.0,8.0,2.0,69.55,0.0,1.0,0.0,1.0,0.0,1.0,11.0
325,0.0,36.0,0.0,0.0,135.6333,1.0,0.0,0.0,0.0,1.0,0.0,1.0
326,1.0,61.0,0.0,0.0,6.2375,0.0,1.0,0.0,1.0,0.0,1.0,1.0
327,0.0,36.0,0.0,0.0,13.0,0.0,0.0,1.0,0.0,0.0,0.0,1.0
328,0.0,31.0,1.0,1.0,20.525,0.0,0.0,1.0,1.0,0.0,1.0,3.0
329,0.0,16.0,0.0,1.0,57.9792,1.0,0.0,0.0,0.0,1.0,0.0,2.0
330,0.0,18.0,2.0,0.0,23.25,1.0,0.0,0.0,1.0,0.0,1.0,3.0
331,1.0,45.5,0.0,0.0,28.5,0.0,1.0,0.0,0.0,1.0,0.0,1.0
332,1.0,38.0,0.0,1.0,153.4625,0.0,1.0,0.0,0.0,1.0,0.0,2.0
333,1.0,16.0,2.0,0.0,18.0,0.0,1.0,0.0,1.0,0.0,1.0,3.0
334,0.0,40.0,1.0,0.0,133.65,0.0,0.0,1.0,1.0,1.0,0.0,2.0
335,1.0,26.0,0.0,0.0,7.8958,0.0,1.0,0.0,1.0,0.0,1.0,1.0
336,1.0,29.0,1.0,0.0,66.6,0.0,1.0,0.0,0.0,1.0,0.0,2.0
337,0.0,41.0,0.0,0.0,134.5,1.0,0.0,0.0,0.0,1.0,0.0,1.0
338,1.0,45.0,0.0,0.0,8.05,0.0,1.0,0.0,1.0,0.0,1.0,1.0
339,1.0,45.0,0.0,0.0,35.5,0.0,1.0,0.0,0.0,1.0,0.0,1.0
340,1.0,2.0,1.0,1.0,26.0,0.0,0.0,0.0,0.0,0.0,0.0,3.0
341,0.0,24.0,3.0,2.0,263.0,1.0,0.0,0.0,0.0,1.0,0.0,6.0
342,1.0,28.0,0.0,0.0,13.0,0.0,1.0,0.0,1.0,0.0,0.0,1.0
343,1.0,25.0,0.0,0.0,13.0,0.0,1.0,0.0,1.0,0.0,0.0,1.0
344,1.0,36.0,0.0,0.0,13.0,0.0,1.0,0.0,1.0,0.0,0.0,1.0
345,0.0,24.0,0.0,0.0,13.0,1.0,0.0,0.0,0.0,0.0,0.0,1.0
346,0.0,40.0,0.0,0.0,13.0,1.0,0.0,0.0,1.0,0.0,0.0,1.0
347,0.0,31.0,1.0,0.0,16.1,0.0,0.0,1.0,1.0,0.0,1.0,2.0
348,1.0,3.0,1.0,1.0,15.9,0.0,0.0,0.0,1.0,0.0,1.0,3.0
349,1.0,42.0,0.0,0.0,8.6625,0.0,1.0,0.0,1.0,0.0,1.0,1.0
350,1.0,23.0,0.0,0.0,9.225,0.0,1.0,0.0,1.0,0.0,1.0,1.0
351,1.0,40.0,0.0,0.0,35.0,0.0,1.0,0.0,0.0,1.0,0.0,1.0
352,1.0,15.0,1.0,1.0,7.2292,0.0,1.0,0.0,1.0,0.0,1.0,3.0
353,1.0,25.0,1.0,0.0,17.8,0.0,1.0,0.0,1.0,0.0,1.0,2.0
354,1.0,26.0,0.0,0.0,7.225,0.0,1.0,0.0,1.0,0.0,1.0,1.0
355,1.0,28.0,0.0,0.0,9.5,0.0,1.0,0.0,1.0,0.0,1.0,1.0
356,0.0,22.0,0.0,1.0,55.0,1.0,0.0,0.0,0.0,1.0,0.0,2.0
357,0.0,38.0,0.0,0.0,13.0,1.0,0.0,0.0,1.0,0.0,0.0,1.0
358,0.0,18.0,0.0,0.0,7.8792,1.0,0.0,0.0,1.0,0.0,1.0,1.0
359,0.0,18.0,0.0,0.0,7.8792,1.0,0.0,0.0,1.0,0.0,1.0,1.0
360,1.0,40.0,1.0,4.0,27.9,0.0,1.0,0.0,1.0,0.0,1.0,6.0
361,1.0,29.0,1.0,0.0,27.7208,0.0,1.0,0.0,1.0,0.0,0.0,2.0
362,0.0,45.0,0.0,1.0,14.4542,0.0,0.0,1.0,1.0,0.0,1.0,2.0
363,1.0,35.0,0.0,0.0,7.05,0.0,1.0,0.0,1.0,0.0,1.0,1.0
364,1.0,26.0,1.0,0.0,15.5,0.0,1.0,0.0,1.0,0.0,1.0,2.0
365,1.0,30.0,0.0,0.0,7.25,0.0,1.0,0.0,1.0,0.0,1.0,1.0
366,0.0,60.0,1.0,0.0,75.25,0.0,0.0,1.0,0.0,1.0,0.0,2.0
367,0.0,31.0,0.0,0.0,7.2292,0.0,0.0,1.0,1.0,0.0,1.0,1.0
368,0.0,18.0,0.0,0.0,7.75,1.0,0.0,0.0,1.0,0.0,1.0,1.0
369,0.0,24.0,0.0,0.0,69.3,0.0,0.0,1.0,0.0,1.0,0.0,1.0
370,1.0,25.0,1.0,0.0,55.4417,0.0,1.0,0.0,0.0,1.0,0.0,2.0
371,1.0,18.0,1.0,0.0,6.4958,0.0,1.0,0.0,1.0,0.0,1.0,2.0
372,1.0,19.0,0.0,0.0,8.05,0.0,1.0,0.0,1.0,0.0,1.0,1.0
373,1.0,22.0,0.0,0.0,135.6333,0.0,1.0,0.0,1.0,1.0,0.0,1.0
374,0.0,3.0,3.0,1.0,21.075,1.0,0.0,0.0,1.0,0.0,1.0,5.0
375,0.0,40.0,1.0,0.0,82.1708,0.0,0.0,1.0,1.0,1.0,0.0,2.0
376,0.0,22.0,0.0,0.0,7.25,1.0,0.0,0.0,1.0,0.0,1.0,1.0
377,1.0,27.0,0.0,2.0,211.5,0.0,1.0,0.0,0.0,1.0,0.0,3.0
378,1.0,20.0,0.0,0.0,4.0125,0.0,1.0,0.0,1.0,0.0,1.0,1.0
379,1.0,19.0,0.0,0.0,7.775,0.0,1.0,0.0,1.0,0.0,1.0,1.0
380,0.0,42.0,0.0,0.0,227.525,1.0,0.0,0.0,1.0,1.0,0.0,1.0
381,0.0,1.0,0.0,2.0,15.7417,1.0,0.0,0.0,1.0,0.0,1.0,3.0
382,1.0,32.0,0.0,0.0,7.925,0.0,1.0,0.0,1.0,0.0,1.0,1.0
383,0.0,35.0,1.0,0.0,52.0,0.0,0.0,1.0,1.0,1.0,0.0,2.0
384,1.0,26.0,0.0,0.0,7.8958,0.0,1.0,0.0,1.0,0.0,1.0,1.0
385,1.0,18.0,0.0,0.0,73.5,0.0,1.0,0.0,1.0,0.0,0.0,1.0
386,1.0,1.0,5.0,2.0,46.9,0.0,0.0,0.0,1.0,0.0,1.0,8.0
387,0.0,36.0,0.0,0.0,13.0,1.0,0.0,0.0,1.0,0.0,0.0,1.0
388,1.0,26.0,0.0,0.0,7.7292,0.0,1.0,0.0,1.0,0.0,1.0,1.0
389,0.0,17.0,0.0,0.0,12.0,1.0,0.0,0.0,1.0,0.0,0.0,1.0
390,1.0,36.0,1.0,2.0,120.0,0.0,1.0,0.0,0.0,1.0,0.0,4.0
391,1.0,21.0,0.0,0.0,7.7958,0.0,1.0,0.0,1.0,0.0,1.0,1.0
392,1.0,28.0,2.0,0.0,7.925,0.0,1.0,0.0,1.0,0.0,1.0,3.0
393,0.0,23.0,1.0,0.0,113.275,1.0,0.0,0.0,0.0,1.0,0.0,2.0
394,0.0,24.0,0.0,2.0,16.7,0.0,0.0,1.0,0.0,0.0,1.0,3.0
395,1.0,22.0,0.0,0.0,7.7958,0.0,1.0,0.0,1.0,0.0,1.0,1.0
396,0.0,31.0,0.0,0.0,7.8542,1.0,0.0,0.0,1.0,0.0,1.0,1.0
397,1.0,46.0,0.0,0.0,26.0,0.0,1.0,0.0,1.0,0.0,0.0,1.0
398,1.0,23.0,0.0,0.0,10.5,0.0,0.0,0.0,1.0,0.0,0.0,1.0
399,0.0,28.0,0.0,0.0,12.65,0.0,0.0,1.0,1.0,0.0,0.0,1.0
400,1.0,39.0,0.0,0.0,7.925,0.0,1.0,0.0,1.0,0.0,1.0,1.0
401,1.0,26.0,0.0,0.0,8.05,0.0,1.0,0.0,1.0,0.0,1.0,1.0
402,0.0,21.0,1.0,0.0,9.825,1.0,0.0,0.0,1.0,0.0,1.0,2.0
403,1.0,28.0,1.0,0.0,15.85,0.0,1.0,0.0,1.0,0.0,1.0,2.0
404,0.0,20.0,0.0,0.0,8.6625,1.0,0.0,0.0,1.0,0.0,1.0,1.0
405,1.0,34.0,1.0,0.0,21.0,0.0,1.0,0.0,1.0,0.0,0.0,2.0
406,1.0,51.0,0.0,0.0,7.75,0.0,1.0,0.0,1.0,0.0,1.0,1.0
407,1.0,3.0,1.0,1.0,18.75,0.0,0.0,0.0,1.0,0.0,0.0,3.0
408,1.0,21.0,0.0,0.0,7.775,0.0,1.0,0.0,1.0,0.0,1.0,1.0
409,0.0,18.0,3.0,1.0,25.4667,1.0,0.0,0.0,1.0,0.0,1.0,5.0
410,1.0,26.0,0.0,0.0,7.8958,0.0,1.0,0.0,1.0,0.0,1.0,1.0
411,1.0,26.0,0.0,0.0,6.8583,0.0,1.0,0.0,1.0,0.0,1.0,1.0
412,0.0,33.0,1.0,0.0,90.0,1.0,0.0,0.0,0.0,1.0,0.0,2.0
413,1.0,31.0,0.0,0.0,0.0,0.0,1.0,0.0,1.0,0.0,0.0,1.0
414,1.0,44.0,0.0,0.0,7.925,0.0,1.0,0.0,1.0,0.0,1.0,1.0
415,0.0,31.0,0.0,0.0,8.05,0.0,0.0,1.0,1.0,0.0,1.0,1.0
416,0.0,34.0,1.0,1.0,32.5,0.0,0.0,1.0,1.0,0.0,0.0,3.0
417,0.0,18.0,0.0,2.0,13.0,1.0,0.0,0.0,1.0,0.0,0.0,3.0
418,1.0,30.0,0.0,0.0,13.0,0.0,1.0,0.0,1.0,0.0,0.0,1.0
419,0.0,10.0,0.0,2.0,24.15,1.0,0.0,0.0,1.0,0.0,1.0,3.0
420,1.0,26.0,0.0,0.0,7.8958,0.0,1.0,0.0,1.0,0.0,1.0,1.0
421,1.0,21.0,0.0,0.0,7.7333,0.0,1.0,0.0,1.0,0.0,1.0,1.0
422,1.0,29.0,0.0,0.0,7.875,0.0,1.0,0.0,1.0,0.0,1.0,1.0
423,0.0,28.0,1.0,1.0,14.4,0.0,0.0,1.0,1.0,0.0,1.0,3.0
424,1.0,18.0,1.0,1.0,20.2125,0.0,1.0,0.0,1.0,0.0,1.0,3.0
425,1.0,26.0,0.0,0.0,7.25,0.0,1.0,0.0,1.0,0.0,1.0,1.0
426,0.0,28.0,1.0,0.0,26.0,0.0,0.0,1.0,1.0,0.0,0.0,2.0
427,0.0,19.0,0.0,0.0,26.0,1.0,0.0,0.0,1.0,0.0,0.0,1.0
428,1.0,26.0,0.0,0.0,7.75,0.0,1.0,0.0,1.0,0.0,1.0,1.0
429,1.0,32.0,0.0,0.0,8.05,0.0,1.0,0.0,0.0,0.0,1.0,1.0
430,1.0,28.0,0.0,0.0,26.55,0.0,1.0,0.0,0.0,1.0,0.0,1.0
431,0.0,31.0,1.0,0.0,16.1,0.0,0.0,1.0,1.0,0.0,1.0,2.0
432,0.0,42.0,1.0,0.0,26.0,0.0,0.0,1.0,1.0,0.0,0.0,2.0
433,1.0,17.0,0.0,0.0,7.125,0.0,1.0,0.0,1.0,0.0,1.0,1.0
434,1.0,50.0,1.0,0.0,55.9,0.0,1.0,0.0,0.0,1.0,0.0,2.0
435,0.0,14.0,1.0,2.0,120.0,1.0,0.0,0.0,0.0,1.0,0.0,4.0
436,0.0,21.0,2.0,2.0,34.375,1.0,0.0,0.0,1.0,0.0,1.0,5.0
437,0.0,24.0,2.0,3.0,18.75,0.0,0.0,1.0,1.0,0.0,0.0,6.0
438,1.0,64.0,1.0,4.0,263.0,0.0,1.0,0.0,0.0,1.0,0.0,6.0
439,1.0,31.0,0.0,0.0,10.5,0.0,1.0,0.0,1.0,0.0,0.0,1.0
440,0.0,45.0,1.0,1.0,26.25,0.0,0.0,1.0,1.0,0.0,0.0,3.0
441,1.0,20.0,0.0,0.0,9.5,0.0,1.0,0.0,1.0,0.0,1.0,1.0
442,1.0,25.0,1.0,0.0,7.775,0.0,1.0,0.0,1.0,0.0,1.0,2.0
443,0.0,28.0,0.0,0.0,13.0,0.0,0.0,1.0,1.0,0.0,0.0,1.0
444,1.0,26.0,0.0,0.0,8.1125,0.0,1.0,0.0,1.0,0.0,1.0,1.0
445,1.0,4.0,0.0,2.0,81.8583,0.0,0.0,0.0,0.0,1.0,0.0,3.0
446,0.0,13.0,0.0,1.0,19.5,1.0,0.0,0.0,1.0,0.0,0.0,2.0
447,1.0,34.0,0.0,0.0,26.55,0.0,1.0,0.0,1.0,1.0,0.0,1.0
448,0.0,5.0,2.0,1.0,19.2583,1.0,0.0,0.0,1.0,0.0,1.0,4.0
449,1.0,52.0,0.0,0.0,30.5,0.0,0.0,0.0,0.0,1.0,0.0,1.0
450,1.0,36.0,1.0,2.0,27.75,0.0,1.0,0.0,1.0,0.0,0.0,4.0
451,1.0,26.0,1.0,0.0,19.9667,0.0,1.0,0.0,1.0,0.0,1.0,2.0
452,1.0,30.0,0.0,0.0,27.75,0.0,1.0,0.0,0.0,1.0,0.0,1.0
453,1.0,49.0,1.0,0.0,89.1042,0.0,1.0,0.0,0.0,1.0,0.0,2.0
454,1.0,26.0,0.0,0.0,8.05,0.0,1.0,0.0,1.0,0.0,1.0,1.0
455,1.0,29.0,0.0,0.0,7.8958,0.0,1.0,0.0,1.0,0.0,1.0,1.0
456,1.0,65.0,0.0,0.0,26.55,0.0,1.0,0.0,0.0,1.0,0.0,1.0
457,0.0,40.0,1.0,0.0,51.8625,0.0,0.0,1.0,0.0,1.0,0.0,2.0
458,0.0,50.0,0.0,0.0,10.5,1.0,0.0,0.0,1.0,0.0,0.0,1.0
459,1.0,26.0,0.0,0.0,7.75,0.0,1.0,0.0,1.0,0.0,1.0,1.0
460,1.0,48.0,0.0,0.0,26.55,0.0,1.0,0.0,0.0,1.0,0.0,1.0
461,1.0,34.0,0.0,0.0,8.05,0.0,1.0,0.0,1.0,0.0,1.0,1.0
462,1.0,47.0,0.0,0.0,38.5,0.0,1.0,0.0,0.0,1.0,0.0,1.0
463,1.0,48.0,0.0,0.0,13.0,0.0,1.0,0.0,1.0,0.0,0.0,1.0
464,1.0,26.0,0.0,0.0,8.05,0.0,1.0,0.0,1.0,0.0,1.0,1.0
465,1.0,38.0,0.0,0.0,7.05,0.0,1.0,0.0,1.0,0.0,1.0,1.0
466,1.0,31.0,0.0,0.0,0.0,0.0,1.0,0.0,1.0,0.0,0.0,1.0
467,1.0,56.0,0.0,0.0,26.55,0.0,1.0,0.0,1.0,1.0,0.0,1.0
468,1.0,26.0,0.0,0.0,7.725,0.0,1.0,0.0,1.0,0.0,1.0,1.0
469,0.0,0.75,2.0,1.0,19.2583,1.0,0.0,0.0,1.0,0.0,1.0,4.0
470,1.0,26.0,0.0,0.0,7.25,0.0,1.0,0.0,1.0,0.0,1.0,1.0
471,1.0,38.0,0.0,0.0,8.6625,0.0,1.0,0.0,1.0,0.0,1.0,1.0
472,0.0,33.0,1.0,2.0,27.75,0.0,0.0,1.0,1.0,0.0,0.0,4.0
473,0.0,23.0,0.0,0.0,13.7917,0.0,0.0,1.0,0.0,0.0,0.0,1.0
474,0.0,22.0,0.0,0.0,9.8375,1.0,0.0,0.0,1.0,0.0,1.0,1.0
475,1.0,40.0,0.0,0.0,52.0,0.0,1.0,0.0,0.0,1.0,0.0,1.0
476,1.0,34.0,1.0,0.0,21.0,0.0,1.0,0.0,1.0,0.0,0.0,2.0
477,1.0,29.0,1.0,0.0,7.0458,0.0,1.0,0.0,1.0,0.0,1.0,2.0
478,1.0,22.0,0.0,0.0,7.5208,0.0,1.0,0.0,1.0,0.0,1.0,1.0
479,0.0,2.0,0.0,1.0,12.2875,1.0,0.0,0.0,1.0,0.0,1.0,2.0
480,1.0,9.0,5.0,2.0,46.9,0.0,0.0,0.0,1.0,0.0,1.0,8.0
481,1.0,31.0,0.0,0.0,0.0,0.0,1.0,0.0,1.0,0.0,0.0,1.0
482,1.0,50.0,0.0,0.0,8.05,0.0,1.0,0.0,1.0,0.0,1.0,1.0
483,0.0,63.0,0.0,0.0,9.5875,0.0,0.0,1.0,1.0,0.0,1.0,1.0
484,1.0,25.0,1.0,0.0,91.0792,0.0,1.0,0.0,0.0,1.0,0.0,2.0
485,0.0,18.0,3.0,1.0,25.4667,1.0,0.0,0.0,1.0,0.0,1.0,5.0
486,0.0,35.0,1.0,0.0,90.0,0.0,0.0,1.0,0.0,1.0,0.0,2.0
487,1.0,58.0,0.0,0.0,29.7,0.0,1.0,0.0,0.0,1.0,0.0,1.0
488,1.0,30.0,0.0,0.0,8.05,0.0,1.0,0.0,1.0,0.0,1.0,1.0
489,1.0,9.0,1.0,1.0,15.9,0.0,0.0,0.0,1.0,0.0,1.0,3.0
490,1.0,26.0,1.0,0.0,19.9667,0.0,1.0,0.0,1.0,0.0,1.0,2.0
491,1.0,21.0,0.0,0.0,7.25,0.0,1.0,0.0,1.0,0.0,1.0,1.0
492,1.0,55.0,0.0,0.0,30.5,0.0,1.0,0.0,0.0,1.0,0.0,1.0
493,1.0,71.0,0.0,0.0,49.5042,0.0,1.0,0.0,1.0,1.0,0.0,1.0
494,1.0,21.0,0.0,0.0,8.05,0.0,1.0,0.0,1.0,0.0,1.0,1.0
495,1.0,26.0,0.0,0.0,14.4583,0.0,1.0,0.0,1.0,0.0,1.0,1.0
496,0.0,54.0,1.0,0.0,78.2667,1.0,0.0,0.0,0.0,1.0,0.0,2.0
497,1.0,26.0,0.0,0.0,15.1,0.0,1.0,0.0,1.0,0.0,1.0,1.0
498,0.0,25.0,1.0,2.0,151.55,0.0,0.0,1.0,0.0,1.0,0.0,4.0
499,1.0,24.0,0.0,0.0,7.7958,0.0,1.0,0.0,1.0,0.0,1.0,1.0
500,1.0,17.0,0.0,0.0,8.6625,0.0,1.0,0.0,1.0,0.0,1.0,1.0
501,0.0,21.0,0.0,0.0,7.75,1.0,0.0,0.0,1.0,0.0,1.0,1.0
502,0.0,18.0,0.0,0.0,7.6292,1.0,0.0,0.0,1.0,0.0,1.0,1.0
503,0.0,37.0,0.0,0.0,9.5875,1.0,0.0,0.0,1.0,0.0,1.0,1.0
504,0.0,16.0,0.0,0.0,86.5,1.0,0.0,0.0,0.0,1.0,0.0,1.0
505,1.0,18.0,1.0,0.0,108.9,0.0,1.0,0.0,0.0,1.0,0.0,2.0
506,0.0,33.0,0.0,2.0,26.0,0.0,0.0,1.0,1.0,0.0,0.0,3.0
507,1.0,40.0,0.0,0.0,26.55,0.0,1.0,0.0,1.0,1.0,0.0,1.0
508,1.0,28.0,0.0,0.0,22.525,0.0,1.0,0.0,1.0,0.0,1.0,1.0
509,1.0,26.0,0.0,0.0,56.4958,0.0,1.0,0.0,1.0,0.0,1.0,1.0
510,1.0,29.0,0.0,0.0,7.75,0.0,1.0,0.0,1.0,0.0,1.0,1.0
511,1.0,26.0,0.0,0.0,8.05,0.0,1.0,0.0,1.0,0.0,1.0,1.0
512,1.0,36.0,0.0,0.0,26.2875,0.0,1.0,0.0,0.0,1.0,0.0,1.0
513,0.0,54.0,1.0,0.0,59.4,0.0,0.0,1.0,1.0,1.0,0.0,2.0
514,1.0,24.0,0.0,0.0,7.4958,0.0,1.0,0.0,1.0,0.0,1.0,1.0
515,1.0,47.0,0.0,0.0,34.0208,0.0,1.0,0.0,0.0,1.0,0.0,1.0
516,0.0,34.0,0.0,0.0,10.5,0.0,0.0,1.0,0.0,0.0,0.0,1.0
517,1.0,26.0,0.0,0.0,24.15,0.0,1.0,0.0,1.0,0.0,1.0,1.0
518,0.0,36.0,1.0,0.0,26.0,0.0,0.0,1.0,1.0,0.0,0.0,2.0
519,1.0,32.0,0.0,0.0,7.8958,0.0,1.0,0.0,1.0,0.0,1.0,1.0
520,0.0,30.0,0.0,0.0,93.5,1.0,0.0,0.0,0.0,1.0,0.0,1.0
521,1.0,22.0,0.0,0.0,7.8958,0.0,1.0,0.0,1.0,0.0,1.0,1.0
522,1.0,26.0,0.0,0.0,7.225,0.0,1.0,0.0,1.0,0.0,1.0,1.0
523,0.0,44.0,0.0,1.0,57.9792,0.0,0.0,1.0,0.0,1.0,0.0,2.0
524,1.0,26.0,0.0,0.0,7.2292,0.0,1.0,0.0,1.0,0.0,1.0,1.0
525,1.0,40.5,0.0,0.0,7.75,0.0,1.0,0.0,1.0,0.0,1.0,1.0
526,0.0,50.0,0.0,0.0,10.5,1.0,0.0,0.0,1.0,0.0,0.0,1.0
527,1.0,40.0,0.0,0.0,221.7792,0.0,1.0,0.0,0.0,1.0,0.0,1.0
528,1.0,39.0,0.0,0.0,7.925,0.0,1.0,0.0,1.0,0.0,1.0,1.0
529,1.0,23.0,2.0,1.0,11.5,0.0,1.0,0.0,1.0,0.0,0.0,4.0
530,0.0,2.0,1.0,1.0,26.0,1.0,0.0,0.0,1.0,0.0,0.0,3.0
531,1.0,26.0,0.0,0.0,7.2292,0.0,1.0,0.0,1.0,0.0,1.0,1.0
532,1.0,17.0,1.0,1.0,7.2292,0.0,1.0,0.0,1.0,0.0,1.0,3.0
533,0.0,31.0,0.0,2.0,22.3583,0.0,0.0,1.0,1.0,0.0,1.0,3.0
534,0.0,30.0,0.0,0.0,8.6625,1.0,0.0,0.0,1.0,0.0,1.0,1.0
535,0.0,7.0,0.0,2.0,26.25,1.0,0.0,0.0,1.0,0.0,0.0,3.0
536,1.0,45.0,0.0,0.0,26.55,0.0,0.0,0.0,0.0,1.0,0.0,1.0
537,0.0,30.0,0.0,0.0,106.425,1.0,0.0,0.0,1.0,1.0,0.0,1.0
538,1.0,26.0,0.0,0.0,14.5,0.0,1.0,0.0,1.0,0.0,1.0,1.0
539,0.0,22.0,0.0,2.0,49.5,1.0,0.0,0.0,0.0,1.0,0.0,3.0
540,0.0,36.0,0.0,2.0,71.0,1.0,0.0,0.0,0.0,1.0,0.0,3.0
541,0.0,9.0,4.0,2.0,31.275,1.0,0.0,0.0,1.0,0.0,1.0,7.0
542,0.0,11.0,4.0,2.0,31.275,1.0,0.0,0.0,1.0,0.0,1.0,7.0
543,1.0,32.0,1.0,0.0,26.0,0.0,1.0,0.0,1.0,0.0,0.0,2.0
544,1.0,50.0,1.0,0.0,106.425,0.0,1.0,0.0,0.0,1.0,0.0,2.0
545,1.0,64.0,0.0,0.0,26.0,0.0,1.0,0.0,1.0,1.0,0.0,1.0
546,0.0,19.0,1.0,0.0,26.0,0.0,0.0,1.0,1.0,0.0,0.0,2.0
547,1.0,31.0,0.0,0.0,13.8625,0.0,1.0,0.0,1.0,0.0,0.0,1.0
548,1.0,33.0,1.0,1.0,20.525,0.0,1.0,0.0,1.0,0.0,1.0,3.0
549,1.0,8.0,1.0,1.0,36.75,0.0,0.0,0.0,1.0,0.0,0.0,3.0
550,1.0,17.0,0.0,2.0,110.8833,0.0,1.0,0.0,0.0,1.0,0.0,3.0
551,1.0,27.0,0.0,0.0,26.0,0.0,1.0,0.0,1.0,0.0,0.0,1.0
552,1.0,26.0,0.0,0.0,7.8292,0.0,1.0,0.0,1.0,0.0,1.0,1.0
553,1.0,22.0,0.0,0.0,7.225,0.0,1.0,0.0,1.0,0.0,1.0,1.0
554,0.0,22.0,0.0,0.0,7.775,1.0,0.0,0.0,1.0,0.0,1.0,1.0
555,1.0,62.0,0.0,0.0,26.55,0.0,1.0,0.0,1.0,1.0,0.0,1.0
556,0.0,48.0,1.0,0.0,39.6,0.0,0.0,0.0,0.0,1.0,0.0,2.0
557,1.0,40.0,0.0,0.0,227.525,0.0,1.0,0.0,1.0,1.0,0.0,1.0
558,0.0,39.0,1.0,1.0,79.65,0.0,0.0,1.0,0.0,1.0,0.0,3.0
559,0.0,36.0,1.0,0.0,17.4,0.0,0.0,1.0,1.0,0.0,1.0,2.0
560,1.0,26.0,0.0,0.0,7.75,0.0,1.0,0.0,1.0,0.0,1.0,1.0
561,1.0,40.0,0.0,0.0,7.8958,0.0,1.0,0.0,1.0,0.0,1.0,1.0
562,1.0,28.0,0.0,0.0,13.5,0.0,1.0,0.0,1.0,0.0,0.0,1.0
563,1.0,26.0,0.0,0.0,8.05,0.0,1.0,0.0,1.0,0.0,1.0,1.0
564,0.0,18.0,0.0,0.0,8.05,1.0,0.0,0.0,1.0,0.0,1.0,1.0
565,1.0,24.0,2.0,0.0,24.15,0.0,1.0,0.0,1.0,0.0,1.0,3.0
566,1.0,19.0,0.0,0.0,7.8958,0.0,1.0,0.0,1.0,0.0,1.0,1.0
567,0.0,29.0,0.0,4.0,21.075,0.0,0.0,1.0,1.0,0.0,1.0,5.0
568,1.0,26.0,0.0,0.0,7.2292,0.0,1.0,0.0,1.0,0.0,1.0,1.0
569,1.0,32.0,0.0,0.0,7.8542,0.0,1.0,0.0,1.0,0.0,1.0,1.0
570,1.0,62.0,0.0,0.0,10.5,0.0,1.0,0.0,1.0,0.0,0.0,1.0
571,0.0,53.0,2.0,0.0,51.4792,0.0,0.0,1.0,0.0,1.0,0.0,3.0
572,1.0,36.0,0.0,0.0,26.3875,0.0,1.0,0.0,0.0,1.0,0.0,1.0
573,0.0,18.0,0.0,0.0,7.75,1.0,0.0,0.0,1.0,0.0,1.0,1.0
574,1.0,16.0,0.0,0.0,8.05,0.0,1.0,0.0,1.0,0.0,1.0,1.0
575,1.0,19.0,0.0,0.0,14.5,0.0,1.0,0.0,1.0,0.0,1.0,1.0
576,0.0,34.0,0.0,0.0,13.0,1.0,0.0,0.0,1.0,0.0,0.0,1.0
577,0.0,39.0,1.0,0.0,55.9,0.0,0.0,1.0,0.0,1.0,0.0,2.0
578,0.0,31.0,1.0,0.0,14.4583,0.0,0.0,1.0,1.0,0.0,1.0,2.0
579,1.0,32.0,0.0,0.0,7.925,0.0,1.0,0.0,1.0,0.0,1.0,1.0
580,0.0,25.0,1.0,1.0,30.0,1.0,0.0,0.0,1.0,0.0,0.0,3.0
581,0.0,39.0,1.0,1.0,110.8833,0.0,0.0,1.0,0.0,1.0,0.0,3.0
582,1.0,54.0,0.0,0.0,26.0,0.0,1.0,0.0,1.0,0.0,0.0,1.0
583,1.0,36.0,0.0,0.0,40.125,0.0,1.0,0.0,0.0,1.0,0.0,1.0
584,1.0,26.0,0.0,0.0,8.7125,0.0,1.0,0.0,1.0,0.0,1.0,1.0
585,0.0,18.0,0.0,2.0,79.65,1.0,0.0,0.0,0.0,1.0,0.0,3.0
586,1.0,47.0,0.0,0.0,15.0,0.0,1.0,0.0,1.0,0.0,0.0,1.0
587,1.0,60.0,1.0,1.0,79.2,0.0,1.0,0.0,0.0,1.0,0.0,3.0
588,1.0,22.0,0.0,0.0,8.05,0.0,1.0,0.0,1.0,0.0,1.0,1.0
589,1.0,26.0,0.0,0.0,8.05,0.0,1.0,0.0,1.0,0.0,1.0,1.0
590,1.0,35.0,0.0,0.0,7.125,0.0,1.0,0.0,1.0,0.0,1.0,1.0
591,0.0,52.0,1.0,0.0,78.2667,0.0,0.0,1.0,0.0,1.0,0.0,2.0
592,1.0,47.0,0.0,0.0,7.25,0.0,1.0,0.0,1.0,0.0,1.0,1.0
593,0.0,18.0,0.0,2.0,7.75,1.0,0.0,0.0,1.0,0.0,1.0,3.0
594,1.0,37.0,1.0,0.0,26.0,0.0,1.0,0.0,1.0,0.0,0.0,2.0
595,1.0,36.0,1.0,1.0,24.15,0.0,1.0,0.0,1.0,0.0,1.0,3.0
596,0.0,24.0,0.0,0.0,33.0,1.0,0.0,0.0,1.0,0.0,0.0,1.0
597,1.0,49.0,0.0,0.0,0.0,0.0,1.0,0.0,1.0,0.0,1.0,1.0
598,1.0,26.0,0.0,0.0,7.225,0.0,1.0,0.0,1.0,0.0,1.0,1.0
599,1.0,49.0,1.0,0.0,56.9292,0.0,0.0,0.0,0.0,1.0,0.0,2.0
600,0.0,24.0,2.0,1.0,27.0,0.0,0.0,1.0,1.0,0.0,0.0,4.0
601,1.0,26.0,0.0,0.0,7.8958,0.0,1.0,0.0,1.0,0.0,1.0,1.0
602,1.0,40.0,0.0,0.0,42.4,0.0,1.0,0.0,1.0,1.0,0.0,1.0
603,1.0,44.0,0.0,0.0,8.05,0.0,1.0,0.0,1.0,0.0,1.0,1.0
604,1.0,35.0,0.0,0.0,26.55,0.0,1.0,0.0,1.0,1.0,0.0,1.0
605,1.0,36.0,1.0,0.0,15.55,0.0,1.0,0.0,1.0,0.0,1.0,2.0
606,1.0,30.0,0.0,0.0,7.8958,0.0,1.0,0.0,1.0,0.0,1.0,1.0
607,1.0,27.0,0.0,0.0,30.5,0.0,1.0,0.0,1.0,1.0,0.0,1.0
608,0.0,22.0,1.0,2.0,41.5792,0.0,0.0,1.0,1.0,0.0,0.0,4.0
609,0.0,40.0,0.0,0.0,153.4625,1.0,0.0,0.0,0.0,1.0,0.0,1.0
610,0.0,39.0,1.0,5.0,31.275,0.0,0.0,1.0,1.0,0.0,1.0,7.0
611,1.0,26.0,0.0,0.0,7.05,0.0,1.0,0.0,1.0,0.0,1.0,1.0
612,0.0,18.0,1.0,0.0,15.5,1.0,0.0,0.0,1.0,0.0,1.0,2.0
613,1.0,26.0,0.0,0.0,7.75,0.0,1.0,0.0,1.0,0.0,1.0,1.0
614,1.0,35.0,0.0,0.0,8.05,0.0,1.0,0.0,1.0,0.0,1.0,1.0
615,0.0,24.0,1.0,2.0,65.0,1.0,0.0,0.0,1.0,0.0,0.0,4.0
616,1.0,34.0,1.0,1.0,14.4,0.0,1.0,0.0,1.0,0.0,1.0,3.0
617,0.0,26.0,1.0,0.0,16.1,0.0,0.0,1.0,1.0,0.0,1.0,2.0
618,0.0,4.0,2.0,1.0,39.0,1.0,0.0,0.0,0.0,0.0,0.0,4.0
619,1.0,26.0,0.0,0.0,10.5,0.0,1.0,0.0,1.0,0.0,0.0,1.0
620,1.0,27.0,1.0,0.0,14.4542,0.0,1.0,0.0,1.0,0.0,1.0,2.0
621,1.0,42.0,1.0,0.0,52.5542,0.0,1.0,0.0,0.0,1.0,0.0,2.0
622,1.0,20.0,1.0,1.0,15.7417,0.0,1.0,0.0,1.0,0.0,1.0,3.0
623,1.0,21.0,0.0,0.0,7.8542,0.0,1.0,0.0,1.0,0.0,1.0,1.0
624,1.0,21.0,0.0,0.0,16.1,0.0,1.0,0.0,1.0,0.0,1.0,1.0
625,1.0,61.0,0.0,0.0,32.3208,0.0,1.0,0.0,0.0,1.0,0.0,1.0
626,1.0,57.0,0.0,0.0,12.35,0.0,0.0,0.0,1.0,0.0,0.0,1.0
627,0.0,21.0,0.0,0.0,77.9583,1.0,0.0,0.0,0.0,1.0,0.0,1.0
628,1.0,26.0,0.0,0.0,7.8958,0.0,1.0,0.0,1.0,0.0,1.0,1.0
629,1.0,26.0,0.0,0.0,7.7333,0.0,1.0,0.0,1.0,0.0,1.0,1.0
630,1.0,80.0,0.0,0.0,30.0,0.0,1.0,0.0,0.0,1.0,0.0,1.0
631,1.0,51.0,0.0,0.0,7.0542,0.0,1.0,0.0,1.0,0.0,1.0,1.0
632,1.0,32.0,0.0,0.0,30.5,0.0,0.0,0.0,0.0,1.0,0.0,1.0
633,1.0,40.0,0.0,0.0,0.0,0.0,1.0,0.0,1.0,1.0,0.0,1.0
634,0.0,9.0,3.0,2.0,27.9,1.0,0.0,0.0,1.0,0.0,1.0,6.0
635,0.0,28.0,0.0,0.0,13.0,1.0,0.0,0.0,1.0,0.0,0.0,1.0
636,1.0,32.0,0.0,0.0,7.925,0.0,1.0,0.0,1.0,0.0,1.0,1.0
637,1.0,31.0,1.0,1.0,26.25,0.0,1.0,0.0,1.0,0.0,0.0,3.0
638,0.0,41.0,0.0,5.0,39.6875,0.0,0.0,1.0,1.0,0.0,1.0,6.0
639,1.0,26.0,1.0,0.0,16.1,0.0,1.0,0.0,1.0,0.0,1.0,2.0
640,1.0,20.0,0.0,0.0,7.8542,0.0,1.0,0.0,1.0,0.0,1.0,1.0
641,0.0,24.0,0.0,0.0,69.3,1.0,0.0,0.0,0.0,1.0,0.0,1.0
642,0.0,2.0,3.0,2.0,27.9,1.0,0.0,0.0,1.0,0.0,1.0,6.0
643,1.0,26.0,0.0,0.0,56.4958,0.0,1.0,0.0,1.0,0.0,1.0,1.0
644,0.0,0.75,2.0,1.0,19.2583,1.0,0.0,0.0,1.0,0.0,1.0,4.0
645,1.0,48.0,1.0,0.0,76.7292,0.0,1.0,0.0,0.0,1.0,0.0,2.0
646,1.0,19.0,0.0,0.0,7.8958,0.0,1.0,0.0,1.0,0.0,1.0,1.0
647,1.0,56.0,0.0,0.0,35.5,0.0,0.0,0.0,0.0,1.0,0.0,1.0
648,1.0,26.0,0.0,0.0,7.55,0.0,1.0,0.0,1.0,0.0,1.0,1.0
649,0.0,23.0,0.0,0.0,7.55,1.0,0.0,0.0,1.0,0.0,1.0,1.0
650,1.0,26.0,0.0,0.0,7.8958,0.0,1.0,0.0,1.0,0.0,1.0,1.0
651,0.0,18.0,0.0,1.0,23.0,1.0,0.0,0.0,1.0,0.0,0.0,2.0
652,1.0,21.0,0.0,0.0,8.4333,0.0,1.0,0.0,1.0,0.0,1.0,1.0
653,0.0,18.0,0.0,0.0,7.8292,1.0,0.0,0.0,1.0,0.0,1.0,1.0
654,0.0,18.0,0.0,0.0,6.75,1.0,0.0,0.0,1.0,0.0,1.0,1.0
655,1.0,24.0,2.0,0.0,73.5,0.0,1.0,0.0,1.0,0.0,0.0,3.0
656,1.0,26.0,0.0,0.0,7.8958,0.0,1.0,0.0,1.0,0.0,1.0,1.0
657,0.0,32.0,1.0,1.0,15.5,0.0,0.0,1.0,1.0,0.0,1.0,3.0
658,1.0,23.0,0.0,0.0,13.0,0.0,1.0,0.0,1.0,0.0,0.0,1.0
659,1.0,58.0,0.0,2.0,113.275,0.0,1.0,0.0,0.0,1.0,0.0,3.0
660,1.0,50.0,2.0,0.0,133.65,0.0,0.0,0.0,1.0,1.0,0.0,3.0
661,1.0,40.0,0.0,0.0,7.225,0.0,1.0,0.0,1.0,0.0,1.0,1.0
662,1.0,47.0,0.0,0.0,25.5875,0.0,1.0,0.0,0.0,1.0,0.0,1.0
663,1.0,36.0,0.0,0.0,7.4958,0.0,1.0,0.0,1.0,0.0,1.0,1.0
664,1.0,20.0,1.0,0.0,7.925,0.0,1.0,0.0,1.0,0.0,1.0,2.0
665,1.0,32.0,2.0,0.0,73.5,0.0,1.0,0.0,1.0,0.0,0.0,3.0
666,1.0,25.0,0.0,0.0,13.0,0.0,1.0,0.0,1.0,0.0,0.0,1.0
667,1.0,26.0,0.0,0.0,7.775,0.0,1.0,0.0,1.0,0.0,1.0,1.0
668,1.0,43.0,0.0,0.0,8.05,0.0,1.0,0.0,1.0,0.0,1.0,1.0
669,0.0,40.0,1.0,0.0,52.0,0.0,0.0,1.0,0.0,1.0,0.0,2.0
670,0.0,40.0,1.0,1.0,39.0,0.0,0.0,1.0,1.0,0.0,0.0,3.0
671,1.0,31.0,1.0,0.0,52.0,0.0,1.0,0.0,0.0,1.0,0.0,2.0
672,1.0,70.0,0.0,0.0,10.5,0.0,1.0,0.0,1.0,0.0,0.0,1.0
673,1.0,31.0,0.0,0.0,13.0,0.0,1.0,0.0,1.0,0.0,0.0,1.0
674,1.0,31.0,0.0,0.0,0.0,0.0,1.0,0.0,1.0,0.0,0.0,1.0
675,1.0,18.0,0.0,0.0,7.775,0.0,1.0,0.0,1.0,0.0,1.0,1.0
676,1.0,24.5,0.0,0.0,8.05,0.0,1.0,0.0,1.0,0.0,1.0,1.0
677,0.0,18.0,0.0,0.0,9.8417,1.0,0.0,0.0,1.0,0.0,1.0,1.0
678,0.0,43.0,1.0,6.0,46.9,0.0,0.0,1.0,1.0,0.0,1.0,8.0
679,1.0,36.0,0.0,1.0,512.3292,0.0,1.0,0.0,0.0,1.0,0.0,2.0
680,0.0,18.0,0.0,0.0,8.1375,1.0,0.0,0.0,1.0,0.0,1.0,1.0
681,1.0,27.0,0.0,0.0,76.7292,0.0,1.0,0.0,0.0,1.0,0.0,1.0
682,1.0,20.0,0.0,0.0,9.225,0.0,1.0,0.0,1.0,0.0,1.0,1.0
683,1.0,14.0,5.0,2.0,46.9,0.0,1.0,0.0,1.0,0.0,1.0,8.0
684,1.0,60.0,1.0,1.0,39.0,0.0,1.0,0.0,1.0,0.0,0.0,3.0
685,1.0,25.0,1.0,2.0,41.5792,0.0,1.0,0.0,1.0,0.0,0.0,4.0
686,1.0,14.0,4.0,1.0,39.6875,0.0,1.0,0.0,1.0,0.0,1.0,6.0
687,1.0,19.0,0.0,0.0,10.1708,0.0,1.0,0.0,1.0,0.0,1.0,1.0
688,1.0,18.0,0.0,0.0,7.7958,0.0,1.0,0.0,1.0,0.0,1.0,1.0
689,0.0,15.0,0.0,1.0,211.3375,1.0,0.0,0.0,0.0,1.0,0.0,2.0
690,1.0,31.0,1.0,0.0,57.0,0.0,1.0,0.0,0.0,1.0,0.0,2.0
691,0.0,4.0,0.0,1.0,13.4167,1.0,0.0,0.0,1.0,0.0,1.0,2.0
692,1.0,26.0,0.0,0.0,56.4958,0.0,1.0,0.0,1.0,0.0,1.0,1.0
693,1.0,25.0,0.0,0.0,7.225,0.0,1.0,0.0,1.0,0.0,1.0,1.0
694,1.0,60.0,0.0,0.0,26.55,0.0,0.0,0.0,1.0,1.0,0.0,1.0
695,1.0,52.0,0.0,0.0,13.5,0.0,1.0,0.0,1.0,0.0,0.0,1.0
696,1.0,44.0,0.0,0.0,8.05,0.0,1.0,0.0,1.0,0.0,1.0,1.0
697,0.0,18.0,0.0,0.0,7.7333,1.0,0.0,0.0,1.0,0.0,1.0,1.0
698,1.0,49.0,1.0,1.0,110.8833,0.0,1.0,0.0,0.0,1.0,0.0,3.0
699,1.0,42.0,0.0,0.0,7.65,0.0,1.0,0.0,0.0,0.0,1.0,1.0
700,0.0,18.0,1.0,0.0,227.525,0.0,0.0,1.0,0.0,1.0,0.0,2.0
701,1.0,35.0,0.0,0.0,26.2875,0.0,1.0,0.0,0.0,1.0,0.0,1.0
702,0.0,18.0,0.0,1.0,14.4542,1.0,0.0,0.0,1.0,0.0,1.0,2.0
703,1.0,25.0,0.0,0.0,7.7417,0.0,1.0,0.0,1.0,0.0,1.0,1.0
704,1.0,26.0,1.0,0.0,7.8542,0.0,1.0,0.0,1.0,0.0,1.0,2.0
705,1.0,39.0,0.0,0.0,26.0,0.0,1.0,0.0,1.0,0.0,0.0,1.0
706,0.0,45.0,0.0,0.0,13.5,0.0,0.0,1.0,1.0,0.0,0.0,1.0
707,1.0,42.0,0.0,0.0,26.2875,0.0,1.0,0.0,0.0,1.0,0.0,1.0
708,0.0,22.0,0.0,0.0,151.55,1.0,0.0,0.0,1.0,1.0,0.0,1.0
709,1.0,4.0,1.0,1.0,15.2458,0.0,0.0,0.0,1.0,0.0,1.0,3.0
710,0.0,24.0,0.0,0.0,49.5042,1.0,0.0,0.0,0.0,1.0,0.0,1.0
711,1.0,40.0,0.0,0.0,26.55,0.0,1.0,0.0,0.0,1.0,0.0,1.0
712,1.0,48.0,1.0,0.0,52.0,0.0,1.0,0.0,0.0,1.0,0.0,2.0
713,1.0,29.0,0.0,0.0,9.4833,0.0,1.0,0.0,1.0,0.0,1.0,1.0
714,1.0,52.0,0.0,0.0,13.0,0.0,1.0,0.0,1.0,0.0,0.0,1.0
715,1.0,19.0,0.0,0.0,7.65,0.0,1.0,0.0,0.0,0.0,1.0,1.0
716,0.0,38.0,0.0,0.0,227.525,1.0,0.0,0.0,0.0,1.0,0.0,1.0
717,0.0,27.0,0.0,0.0,10.5,1.0,0.0,0.0,0.0,0.0,0.0,1.0
718,1.0,26.0,0.0,0.0,15.5,0.0,1.0,0.0,1.0,0.0,1.0,1.0
719,1.0,33.0,0.0,0.0,7.775,0.0,1.0,0.0,1.0,0.0,1.0,1.0
720,0.0,6.0,0.0,1.0,33.0,1.0,0.0,0.0,1.0,0.0,0.0,2.0
721,1.0,17.0,1.0,0.0,7.0542,0.0,1.0,0.0,1.0,0.0,1.0,2.0
722,1.0,34.0,0.0,0.0,13.0,0.0,1.0,0.0,1.0,0.0,0.0,1.0
723,1.0,50.0,0.0,0.0,13.0,0.0,1.0,0.0,1.0,0.0,0.0,1.0
724,1.0,27.0,1.0,0.0,53.1,0.0,1.0,0.0,0.0,1.0,0.0,2.0
725,1.0,20.0,0.0,0.0,8.6625,0.0,1.0,0.0,1.0,0.0,1.0,1.0
726,0.0,30.0,3.0,0.0,21.0,0.0,0.0,1.0,1.0,0.0,0.0,4.0
727,0.0,18.0,0.0,0.0,7.7375,1.0,0.0,0.0,1.0,0.0,1.0,1.0
728,1.0,25.0,1.0,0.0,26.0,0.0,1.0,0.0,1.0,0.0,0.0,2.0
729,0.0,25.0,1.0,0.0,7.925,1.0,0.0,0.0,1.0,0.0,1.0,2.0
730,0.0,29.0,0.0,0.0,211.3375,1.0,0.0,0.0,0.0,1.0,0.0,1.0
731,1.0,11.0,0.0,0.0,18.7875,0.0,1.0,0.0,1.0,0.0,1.0,1.0
732,1.0,31.0,0.0,0.0,0.0,0.0,1.0,0.0,1.0,0.0,0.0,1.0
733,1.0,23.0,0.0,0.0,13.0,0.0,1.0,0.0,1.0,0.0,0.0,1.0
734,1.0,23.0,0.0,0.0,13.0,0.0,1.0,0.0,1.0,0.0,0.0,1.0
735,1.0,28.5,0.0,0.0,16.1,0.0,1.0,0.0,1.0,0.0,1.0,1.0
736,0.0,48.0,1.0,3.0,34.375,0.0,0.0,1.0,1.0,0.0,1.0,5.0
737,1.0,35.0,0.0,0.0,512.3292,0.0,1.0,0.0,0.0,1.0,0.0,1.0
738,1.0,26.0,0.0,0.0,7.8958,0.0,1.0,0.0,1.0,0.0,1.0,1.0
739,1.0,26.0,0.0,0.0,7.8958,0.0,1.0,0.0,1.0,0.0,1.0,1.0
740,1.0,40.0,0.0,0.0,30.0,0.0,1.0,0.0,0.0,1.0,0.0,1.0
741,1.0,36.0,1.0,0.0,78.85,0.0,1.0,0.0,0.0,1.0,0.0,2.0
742,0.0,21.0,2.0,2.0,262.375,1.0,0.0,0.0,0.0,1.0,0.0,5.0
743,1.0,24.0,1.0,0.0,16.1,0.0,1.0,0.0,1.0,0.0,1.0,2.0
744,1.0,31.0,0.0,0.0,7.925,0.0,1.0,0.0,1.0,0.0,1.0,1.0
745,1.0,70.0,1.0,1.0,71.0,0.0,0.0,0.0,0.0,1.0,0.0,3.0
746,1.0,16.0,1.0,1.0,20.25,0.0,1.0,0.0,1.0,0.0,1.0,3.0
747,0.0,30.0,0.0,0.0,13.0,1.0,0.0,0.0,1.0,0.0,0.0,1.0
748,1.0,19.0,1.0,0.0,53.1,0.0,1.0,0.0,0.0,1.0,0.0,2.0
749,1.0,31.0,0.0,0.0,7.75,0.0,1.0,0.0,1.0,0.0,1.0,1.0
750,0.0,4.0,1.0,1.0,23.0,1.0,0.0,0.0,1.0,0.0,0.0,3.0
751,1.0,6.0,0.0,1.0,12.475,0.0,0.0,0.0,0.0,0.0,1.0,2.0
752,1.0,33.0,0.0,0.0,9.5,0.0,1.0,0.0,1.0,0.0,1.0,1.0
753,1.0,23.0,0.0,0.0,7.8958,0.0,1.0,0.0,1.0,0.0,1.0,1.0
754,0.0,48.0,1.0,2.0,65.0,0.0,0.0,1.0,1.0,0.0,0.0,4.0
755,1.0,0.67,1.0,1.0,14.5,0.0,0.0,0.0,1.0,0.0,0.0,3.0
756,1.0,28.0,0.0,0.0,7.7958,0.0,1.0,0.0,1.0,0.0,1.0,1.0
757,1.0,18.0,0.0,0.0,11.5,0.0,1.0,0.0,1.0,0.0,0.0,1.0
758,1.0,34.0,0.0,0.0,8.05,0.0,1.0,0.0,1.0,0.0,1.0,1.0
759,0.0,33.0,0.0,0.0,86.5,0.0,0.0,0.0,0.0,1.0,0.0,1.0
760,1.0,26.0,0.0,0.0,14.5,0.0,1.0,0.0,1.0,0.0,1.0,1.0
761,1.0,41.0,0.0,0.0,7.125,0.0,1.0,0.0,1.0,0.0,1.0,1.0
762,1.0,20.0,0.0,0.0,7.2292,0.0,1.0,0.0,1.0,0.0,1.0,1.0
763,0.0,36.0,1.0,2.0,120.0,0.0,0.0,1.0,0.0,1.0,0.0,4.0
764,1.0,16.0,0.0,0.0,7.775,0.0,1.0,0.0,1.0,0.0,1.0,1.0
765,0.0,51.0,1.0,0.0,77.9583,0.0,0.0,1.0,0.0,1.0,0.0,2.0
766,1.0,51.0,0.0,0.0,39.6,0.0,0.0,0.0,1.0,1.0,0.0,1.0
767,0.0,30.5,0.0,0.0,7.75,1.0,0.0,0.0,1.0,0.0,1.0,1.0
768,1.0,26.0,1.0,0.0,24.15,0.0,1.0,0.0,1.0,0.0,1.0,2.0
769,1.0,32.0,0.0,0.0,8.3625,0.0,1.0,0.0,1.0,0.0,1.0,1.0
770,1.0,24.0,0.0,0.0,9.5,0.0,1.0,0.0,1.0,0.0,1.0,1.0
771,1.0,48.0,0.0,0.0,7.8542,0.0,1.0,0.0,1.0,0.0,1.0,1.0
772,0.0,57.0,0.0,0.0,10.5,0.0,0.0,1.0,0.0,0.0,0.0,1.0
773,1.0,26.0,0.0,0.0,7.225,0.0,1.0,0.0,1.0,0.0,1.0,1.0
774,0.0,54.0,1.0,3.0,23.0,0.0,0.0,1.0,1.0,0.0,0.0,5.0
775,1.0,18.0,0.0,0.0,7.75,0.0,1.0,0.0,1.0,0.0,1.0,1.0
776,1.0,26.0,0.0,0.0,7.75,0.0,1.0,0.0,0.0,0.0,1.0,1.0
777,0.0,5.0,0.0,0.0,12.475,1.0,0.0,0.0,1.0,0.0,1.0,1.0
778,1.0,26.0,0.0,0.0,7.7375,0.0,1.0,0.0,1.0,0.0,1.0,1.0
779,0.0,43.0,0.0,1.0,211.3375,0.0,0.0,1.0,0.0,1.0,0.0,2.0
780,0.0,13.0,0.0,0.0,7.2292,1.0,0.0,0.0,1.0,0.0,1.0,1.0
781,0.0,17.0,1.0,0.0,57.0,0.0,0.0,1.0,0.0,1.0,0.0,2.0
782,1.0,29.0,0.0,0.0,30.0,0.0,1.0,0.0,0.0,1.0,0.0,1.0
783,1.0,26.0,1.0,2.0,23.45,0.0,1.0,0.0,1.0,0.0,1.0,4.0
784,1.0,25.0,0.0,0.0,7.05,0.0,1.0,0.0,1.0,0.0,1.0,1.0
785,1.0,25.0,0.0,0.0,7.25,0.0,1.0,0.0,1.0,0.0,1.0,1.0
786,0.0,18.0,0.0,0.0,7.4958,1.0,0.0,0.0,1.0,0.0,1.0,1.0
787,1.0,8.0,4.0,1.0,29.125,0.0,0.0,0.0,1.0,0.0,1.0,6.0
788,1.0,1.0,1.0,2.0,20.575,0.0,0.0,0.0,1.0,0.0,1.0,4.0
789,1.0,46.0,0.0,0.0,79.2,0.0,1.0,0.0,0.0,1.0,0.0,1.0
790,1.0,26.0,0.0,0.0,7.75,0.0,1.0,0.0,1.0,0.0,1.0,1.0
791,1.0,16.0,0.0,0.0,26.0,0.0,1.0,0.0,1.0,0.0,0.0,1.0
792,0.0,18.0,8.0,2.0,69.55,1.0,0.0,0.0,1.0,0.0,1.0,11.0
793,1.0,40.0,0.0,0.0,30.6958,0.0,1.0,0.0,1.0,1.0,0.0,1.0
794,1.0,25.0,0.0,0.0,7.8958,0.0,1.0,0.0,1.0,0.0,1.0,1.0
795,1.0,39.0,0.0,0.0,13.0,0.0,1.0,0.0,1.0,0.0,0.0,1.0
796,0.0,49.0,0.0,0.0,25.9292,0.0,0.0,0.0,0.0,1.0,0.0,1.0
797,0.0,31.0,0.0,0.0,8.6833,0.0,0.0,1.0,1.0,0.0,1.0,1.0
798,1.0,30.0,0.0,0.0,7.2292,0.0,1.0,0.0,1.0,0.0,1.0,1.0
799,0.0,30.0,1.0,1.0,24.15,0.0,0.0,1.0,1.0,0.0,1.0,3.0
800,1.0,34.0,0.0,0.0,13.0,0.0,1.0,0.0,1.0,0.0,0.0,1.0
801,0.0,31.0,1.0,1.0,26.25,0.0,0.0,1.0,1.0,0.0,0.0,3.0
802,1.0,11.0,1.0,2.0,120.0,0.0,0.0,0.0,0.0,1.0,0.0,4.0
803,1.0,0.42,0.0,1.0,8.5167,0.0,0.0,0.0,1.0,0.0,1.0,2.0
804,1.0,27.0,0.0,0.0,6.975,0.0,1.0,0.0,1.0,0.0,1.0,1.0
805,1.0,31.0,0.0,0.0,7.775,0.0,1.0,0.0,1.0,0.0,1.0,1.0
806,1.0,39.0,0.0,0.0,0.0,0.0,1.0,0.0,0.0,1.0,0.0,1.0
807,0.0,18.0,0.0,0.0,7.775,1.0,0.0,0.0,1.0,0.0,1.0,1.0
808,1.0,39.0,0.0,0.0,13.0,0.0,1.0,0.0,1.0,0.0,0.0,1.0
809,0.0,33.0,1.0,0.0,53.1,0.0,0.0,1.0,0.0,1.0,0.0,2.0
810,1.0,26.0,0.0,0.0,7.8875,0.0,1.0,0.0,1.0,0.0,1.0,1.0
811,1.0,39.0,0.0,0.0,24.15,0.0,1.0,0.0,1.0,0.0,1.0,1.0
812,1.0,35.0,0.0,0.0,10.5,0.0,1.0,0.0,1.0,0.0,0.0,1.0
813,0.0,6.0,4.0,2.0,31.275,1.0,0.0,0.0,1.0,0.0,1.0,7.0
814,1.0,30.5,0.0,0.0,8.05,0.0,1.0,0.0,1.0,0.0,1.0,1.0
815,1.0,40.0,0.0,0.0,0.0,0.0,1.0,0.0,0.0,1.0,0.0,1.0
816,0.0,23.0,0.0,0.0,7.925,1.0,0.0,0.0,1.0,0.0,1.0,1.0
817,1.0,31.0,1.0,1.0,37.0042,0.0,1.0,0.0,1.0,0.0,0.0,3.0
818,1.0,43.0,0.0,0.0,6.45,0.0,1.0,0.0,1.0,0.0,1.0,1.0
819,1.0,10.0,3.0,2.0,27.9,0.0,0.0,0.0,1.0,0.0,1.0,6.0
820,0.0,52.0,1.0,1.0,93.5,0.0,0.0,1.0,0.0,1.0,0.0,3.0
821,1.0,27.0,0.0,0.0,8.6625,0.0,1.0,0.0,1.0,0.0,1.0,1.0
822,1.0,38.0,0.0,0.0,0.0,0.0,0.0,0.0,1.0,1.0,0.0,1.0
823,0.0,27.0,0.0,1.0,12.475,0.0,0.0,1.0,0.0,0.0,1.0,2.0
824,1.0,2.0,4.0,1.0,39.6875,0.0,0.0,0.0,1.0,0.0,1.0,6.0
825,1.0,26.0,0.0,0.0,6.95,0.0,1.0,0.0,1.0,0.0,1.0,1.0
826,1.0,26.0,0.0,0.0,56.4958,0.0,1.0,0.0,1.0,0.0,1.0,1.0
827,1.0,1.0,0.0,2.0,37.0042,0.0,0.0,0.0,1.0,0.0,0.0,3.0
828,1.0,26.0,0.0,0.0,7.75,0.0,1.0,0.0,1.0,0.0,1.0,1.0
829,0.0,62.0,0.0,0.0,80.0,0.0,0.0,1.0,0.0,1.0,0.0,1.0
830,0.0,15.0,1.0,0.0,14.4542,0.0,0.0,1.0,1.0,0.0,1.0,2.0
831,1.0,0.83,1.0,1.0,18.75,0.0,0.0,0.0,1.0,0.0,0.0,3.0
832,1.0,26.0,0.0,0.0,7.2292,0.0,1.0,0.0,1.0,0.0,1.0,1.0
833,1.0,23.0,0.0,0.0,7.8542,0.0,1.0,0.0,1.0,0.0,1.0,1.0
834,1.0,18.0,0.0,0.0,8.3,0.0,1.0,0.0,1.0,0.0,1.0,1.0
835,0.0,39.0,1.0,1.0,83.1583,1.0,0.0,0.0,0.0,1.0,0.0,3.0
836,1.0,21.0,0.0,0.0,8.6625,0.0,1.0,0.0,1.0,0.0,1.0,1.0
837,1.0,26.0,0.0,0.0,8.05,0.0,1.0,0.0,1.0,0.0,1.0,1.0
838,1.0,32.0,0.0,0.0,56.4958,0.0,1.0,0.0,1.0,0.0,1.0,1.0
839,1.0,40.0,0.0,0.0,29.7,0.0,1.0,0.0,0.0,1.0,0.0,1.0
840,1.0,20.0,0.0,0.0,7.925,0.0,1.0,0.0,1.0,0.0,1.0,1.0
841,1.0,16.0,0.0,0.0,10.5,0.0,1.0,0.0,1.0,0.0,0.0,1.0
842,0.0,30.0,0.0,0.0,31.0,1.0,0.0,0.0,1.0,1.0,0.0,1.0
843,1.0,34.5,0.0,0.0,6.4375,0.0,1.0,0.0,1.0,0.0,1.0,1.0
844,1.0,17.0,0.0,0.0,8.6625,0.0,1.0,0.0,1.0,0.0,1.0,1.0
845,1.0,42.0,0.0,0.0,7.55,0.0,1.0,0.0,1.0,0.0,1.0,1.0
846,1.0,26.0,8.0,2.0,69.55,0.0,1.0,0.0,1.0,0.0,1.0,11.0
847,1.0,35.0,0.0,0.0,7.8958,0.0,1.0,0.0,1.0,0.0,1.0,1.0
848,1.0,28.0,0.0,1.0,33.0,0.0,0.0,0.0,1.0,0.0,0.0,2.0
849,0.0,40.0,1.0,0.0,89.1042,0.0,0.0,1.0,0.0,1.0,0.0,2.0
850,1.0,4.0,4.0,2.0,31.275,0.0,0.0,0.0,1.0,0.0,1.0,7.0
851,1.0,74.0,0.0,0.0,7.775,0.0,1.0,0.0,1.0,0.0,1.0,1.0
852,0.0,9.0,1.0,1.0,15.2458,1.0,0.0,0.0,1.0,0.0,1.0,3.0
853,0.0,16.0,0.0,1.0,39.4,1.0,0.0,0.0,0.0,1.0,0.0,2.0
854,0.0,44.0,1.0,0.0,26.0,0.0,0.0,1.0,1.0,0.0,0.0,2.0
855,0.0,18.0,0.0,1.0,9.35,0.0,0.0,1.0,1.0,0.0,1.0,2.0
856,0.0,45.0,1.0,1.0,164.8667,0.0,0.0,1.0,1.0,1.0,0.0,3.0
857,1.0,51.0,0.0,0.0,26.55,0.0,1.0,0.0,0.0,1.0,0.0,1.0
858,0.0,24.0,0.0,3.0,19.2583,0.0,0.0,1.0,1.0,0.0,1.0,4.0
859,1.0,26.0,0.0,0.0,7.2292,0.0,1.0,0.0,1.0,0.0,1.0,1.0
860,1.0,41.0,2.0,0.0,14.1083,0.0,1.0,0.0,1.0,0.0,1.0,3.0
861,1.0,21.0,1.0,0.0,11.5,0.0,1.0,0.0,1.0,0.0,0.0,2.0
862,0.0,48.0,0.0,0.0,25.9292,0.0,0.0,1.0,0.0,1.0,0.0,1.0
863,0.0,18.0,8.0,2.0,69.55,1.0,0.0,0.0,1.0,0.0,1.0,11.0
864,1.0,24.0,0.0,0.0,13.0,0.0,1.0,0.0,1.0,0.0,0.0,1.0
865,0.0,42.0,0.0,0.0,13.0,0.0,0.0,1.0,1.0,0.0,0.0,1.0
866,0.0,27.0,1.0,0.0,13.8583,1.0,0.0,0.0,1.0,0.0,0.0,2.0
867,1.0,31.0,0.0,0.0,50.4958,0.0,1.0,0.0,0.0,1.0,0.0,1.0
868,1.0,26.0,0.0,0.0,9.5,0.0,1.0,0.0,1.0,0.0,1.0,1.0
869,1.0,4.0,1.0,1.0,11.1333,0.0,0.0,0.0,1.0,0.0,1.0,3.0
870,1.0,26.0,0.0,0.0,7.8958,0.0,1.0,0.0,1.0,0.0,1.0,1.0
871,0.0,47.0,1.0,1.0,52.5542,0.0,0.0,1.0,0.0,1.0,0.0,3.0
872,1.0,33.0,0.0,0.0,5.0,0.0,1.0,0.0,0.0,1.0,0.0,1.0
873,1.0,47.0,0.0,0.0,9.0,0.0,1.0,0.0,1.0,0.0,1.0,1.0
874,0.0,28.0,1.0,0.0,24.0,0.0,0.0,1.0,1.0,0.0,0.0,2.0
875,0.0,15.0,0.0,0.0,7.225,1.0,0.0,0.0,1.0,0.0,1.0,1.0
876,1.0,20.0,0.0,0.0,9.8458,0.0,1.0,0.0,1.0,0.0,1.0,1.0
877,1.0,19.0,0.0,0.0,7.8958,0.0,1.0,0.0,1.0,0.0,1.0,1.0
878,1.0,26.0,0.0,0.0,7.8958,0.0,1.0,0.0,1.0,0.0,1.0,1.0
879,0.0,56.0,0.0,1.0,83.1583,0.0,0.0,1.0,0.0,1.0,0.0,2.0
880,0.0,25.0,0.0,1.0,26.0,0.0,0.0,1.0,1.0,0.0,0.0,2.0
881,1.0,33.0,0.0,0.0,7.8958,0.0,1.0,0.0,1.0,0.0,1.0,1.0
882,0.0,22.0,0.0,0.0,10.5167,1.0,0.0,0.0,1.0,0.0,1.0,1.0
883,1.0,28.0,0.0,0.0,10.5,0.0,1.0,0.0,1.0,0.0,0.0,1.0
884,1.0,25.0,0.0,0.0,7.05,0.0,1.0,0.0,1.0,0.0,1.0,1.0
885,0.0,39.0,0.0,5.0,29.125,0.0,0.0,1.0,1.0,0.0,1.0,6.0
886,1.0,27.0,0.0,0.0,13.0,0.0,0.0,0.0,1.0,0.0,0.0,1.0
887,0.0,19.0,0.0,0.0,30.0,1.0,0.0,0.0,0.0,1.0,0.0,1.0
888,0.0,18.0,1.0,2.0,23.45,1.0,0.0,0.0,1.0,0.0,1.0,4.0
889,1.0,26.0,0.0,0.0,30.0,0.0,1.0,0.0,0.0,1.0,0.0,1.0
890,1.0,32.0,0.0,0.0,7.75,0.0,1.0,0.0,1.0,0.0,1.0,1.0
